Country Name,2010,2011,2012,2013,2014,2015,2016,2017,2018,2019,most_recent_year
Aruba,2390502793.29609,2549720670.39106,2534636871.50838,2727849720.67039,2790849162.01117,2962905027.93296,2983636871.50838,3092430167.59777,3202188606.92893,,
Africa Eastern and Southern,847409491176.197,943378184761.64,950521438838.682,964242449960.242,984807065632.553,919930022724.422,873354876607.317,985355704660.083,1012853224905.79,1009909855421.84,920792331527.746
Afghanistan,15856678596.148,17805113118.8938,19907317065.6666,20146404996.223,20497126770.1335,19134211763.859,18116562464.9088,18753469630.2586,18053228578.8878,18799450742.7823,20116137325.8206
Africa Western and Central,591582966686.497,670962551547.58,727571396578.054,820787588844.362,864966625366.588,760729687146.574,690543020916.229,683741574626.192,741691624372.788,794572474605.872,784587603322.866
Angola,83799496611.2004,111789686464.441,128052853643.106,136709862831.194,145712200312.505,116193649124.151,101123851090.455,122123822333.59,101353230784.594,89417190341.2533,58375976292.9678
Albania,11926922828.9911,12890764531.3284,12319830437.3467,12776220507.0162,13228147516.1168,11386850129.8411,11861199830.8396,13019689336.6919,15156432309.8977,15400242874.8812,14887629268.2927
Andorra,3449966856.68832,3629203786.19154,3188808942.56713,3193704343.20627,3271808157.30038,2789870187.50693,2896679211.86628,3000180750.11297,3218316013.22626,3155065487.51819,
Arab World,2311236505303.56,2501780036770.7,2740553055277.62,2799578701509.85,2831680517612.11,2463579840358.43,2411981152232.62,2466442560038.42,2730779681432.55,2776468692322.96,2447584445275.52
United Arab Emirates,289787338325.391,350666031313.819,374590605854.323,390107556160.654,403137100068.074,358135057862.492,357045064669.843,385605506848.196,422215043594.282,417215559513.364,358868765174.924
Argentina,423627422092.49,530163281574.658,545982375701.128,552025140252.246,526319673731.638,594749285413.212,557531376217.967,643628665302.155,524819742918.669,451932356085.842,389288056265.325
Armenia,9260284937.79781,10142111334.4961,10619320048.5857,11121465767.4067,11609512939.7542,10553337672.9872,10546135160.031,11527458565.7334,12457941907.0333,13619291361.2814,12641209802.112
American Samoa,573000000.0,570000000.0,640000000.0,638000000.0,643000000.0,673000000.0,671000000.0,612000000.0,639000000.0,648000000.0,709000000.0
Antigua and Barbuda,1148700000.0,1137637037.03704,1199948148.14815,1181448148.14815,1249733333.33333,1336692592.59259,1436585185.18519,1467977777.77778,1605944444.44444,1687533333.33333,1370281481.48148
Australia,1147589183475.73,1397907916789.9,1546508558465.66,1576335282651.07,1467504819608.92,1350534154255.76,1206685107002.47,1326882872011.46,1428529571351.06,1391952510370.48,1327836171068.51
Austria,391892746544.69,431120310088.82,409425234155.263,430068712971.867,441996131736.508,381817565893.574,395568644341.038,416230497429.163,454945881027.378,445011872704.47,433258467676.515
Azerbaijan,52909294791.9262,65951627200.2026,69683935845.2139,74164435946.4627,75244294275.1498,53074370486.0433,37867518957.1975,40865558912.3867,47112941176.4706,48174235294.1176,42607176470.5882
Burundi,2032135246.50004,2235820867.82743,2333308099.46249,2451625332.74584,2705783272.07443,3104394858.11518,2732808556.84172,2748180473.71333,2668495742.88443,2631434363.22693,2841786382.19063
Belgium,480951629493.033,522645519183.591,496181260258.3,521642714407.843,534678075827.361,462149679343.822,475739588764.759,501522868356.441,543008499294.079,535288715239.999,521861292586.616
Benin,9535344283.47295,10693321953.6355,11141358945.1349,12517845732.2095,13284528654.0574,11388160958.249,11821066152.5979,12701654743.2149,14262407011.5254,14391686632.7821,15651545331.5404
Burkina Faso,10109618964.2848,12080296644.0643,12561016091.4673,13444301139.1384,13943016923.9017,11832159275.603,12833363370.174,14106956830.0857,15890065019.7634,16178162030.0694,17933606353.1775
Bangladesh,115279077465.226,128637938711.386,133355749482.478,149990451022.29,172885454931.453,195078678697.23,221415188000.475,249710922462.309,274038973437.275,302571320445.75,323056957972.312
Bulgaria,50682061053.2016,57678241023.818,54300857424.4415,55810138436.4821,57082011260.3446,50781996712.7635,53953897624.4344,59199447421.4924,66363422450.2112,68915416141.9576,69889347433.4324
Bahrain,25713271276.5957,28776595744.6809,30749308510.6383,32539468085.1064,33387712765.9574,31050638297.8723,32234973404.2553,35473776595.7447,37801462765.9574,38652579787.234,34729228723.4043
"Bahamas, The",10095760000.0,10070450000.0,10720500000.0,10494600000.0,11142900000.0,11890600000.0,11992600000.0,12359700000.0,12837800000.0,13164400000.0,9907500000.0
Bosnia and Herzegovina,17176781045.5967,18644723853.5807,17221192466.1918,18172335776.3301,18560861388.6402,16219819017.3607,16914287348.9819,18079075770.6713,20177409351.4329,20201323260.0733,19946496562.9733
Belarus,57222490768.7143,61757788944.7236,65685102554.8759,75527984234.2342,78813839984.3506,56454734396.5842,47722657820.6675,54726595249.1849,60031262269.3365,64409647193.8044,60258239055.5829
Belize,1377177100.0,1460797903.23406,1522897506.07849,1579411253.00514,1667335060.96064,1721700991.46912,1789304087.78561,1858529676.71857,1915899786.96407,1982518540.6134,1636280797.08056
Bermuda,6634526000.0,6312691000.0,6378188000.0,6465756000.0,6413988000.0,6654541000.0,6899911000.0,7142316000.0,7224329000.0,7484113000.0,6842700000.0
Bolivia,19649631314.0482,23963033430.5954,27084497482.8616,30659338880.3786,32996188012.6821,33000198248.3362,33941126200.0606,37508642165.3366,40287647930.4761,40895322843.7851,36572764862.8234
Brazil,2208838108577.09,2616156606666.62,2465228293894.01,2472819362216.69,2456043766028.73,1802211999538.68,1795693265810.23,2063514688761.98,1916933708381.89,1877824273720.78,1444733258971.65
Barbados,4530000000.0,4657500000.0,4610000000.0,4677000000.0,4696500000.0,4715000000.0,4830000000.0,4978000000.0,5086500000.0,5209000000.0,4418000000.0
Brunei Darussalam,13707370737.0737,18525319977.7407,19047940300.8963,18093829923.2737,17098342541.4365,12930394937.8137,11400854267.7188,12128104859.1498,13567351175.0315,13469422958.5105,12005825769.5087
Bhutan,1547991317.81183,1777101316.67756,1781281281.57912,1756215665.09323,1907090813.45906,2003598212.99135,2158972129.00307,2450364928.07302,2446866404.93058,2535657068.96575,2315437338.08809
Botswana,12786654498.3514,15351972361.1477,14380004175.1194,14901750991.2012,15654660710.108,13578754072.4652,15082578064.8002,16088437675.1648,16914245098.0392,16593720655.6402,15061922801.6271
Central African Republic,2142591375.85053,2437982839.63072,2510126699.05356,1691544192.38242,1894813504.52945,1695825708.45604,1825018190.85071,2072349794.23301,2220978978.17342,2220307368.69593,2380087758.04137
Canada,1617343367486.26,1793326630174.52,1828366481521.6,1846597421834.98,1805749878439.94,1556508816217.14,1527994741907.43,1649265644244.09,1725329192783.02,1742015045482.31,1645423407568.36
Central Europe and the Baltics,1318034945795.4,1449110989910.23,1353324521612.03,1422715062894.51,1465649450150.89,1292973709969.91,1321405910582.08,1463917493520.8,1645327230573.33,1673863310975.42,1653247533863.81
Switzerland,603434493402.679,722038242134.62,692109693986.886,712748124222.61,734396591036.932,702149580770.901,695600652899.283,704478516963.855,735539301552.674,731767398052.879,752248045730.11
Channel Islands,,,,,,,,,,,
Chile,218537551220.123,252251992029.518,267122320056.772,278384332694.3,260541637327.855,243919079437.422,250440149690.846,277034675515.684,297571693064.193,279385487344.492,252940023046.007
China,6087163874510.73,7551500124197.17,8532229986993.65,9570406235659.64,10475682920597.7,11061553079871.5,11233276536744.7,12310409370894.2,13894817549380.3,14279937467431.0,14722730697890.1
Cote d'Ivoire,34936305296.8834,36693712824.7812,36302305578.306,42760237561.3995,48843008580.3616,45814637971.4745,47964234560.0514,51588158717.5348,58011466450.8643,58539424929.7248,61348579465.1017
Cameroon,27507499709.071,30630912184.7789,30155064574.0734,33728622819.0912,36386546917.6861,32210232911.6626,33814337900.2831,36098550141.5897,39973839064.6084,39670977332.7348,40804449726.0184
"Congo, Dem. Rep.",21565720044.4634,25839749198.8233,29306235826.3885,32679745297.6453,35909040265.9328,37917704900.0794,37134799974.5225,38019265625.8845,47146004586.6824,50400747050.496,48716960860.0664
"Congo, Rep.",13135580695.2473,15634897272.7645,17693924573.2499,17953617927.2376,17889079957.8792,11885478502.1168,10215989995.0073,11090177747.1315,13670036995.9959,12750339022.9512,10187122341.4051
Colombia,286563105192.457,334943871931.746,370921320483.842,382116126448.555,381112119657.446,293481748240.779,282825009887.458,311883730690.129,334198214706.209,323429888934.257,271437596293.843
Comoros,907978723.547592,1023086183.79822,1015843368.79008,1116224161.07781,1149587651.69395,966029542.038859,1012835518.26037,1077439662.5798,1188797574.94753,1192559739.37288,1235400352.2931
Cabo Verde,1664310769.55229,1865915544.12445,1741809808.96442,1850470042.43281,1859898513.26858,1596800287.16405,1662998677.88425,1768319144.00218,1966503222.76759,1981845740.70615,1703698676.69742
Costa Rica,37658614803.2919,42762617081.6142,47231651862.8224,50949672205.8222,52016408950.8398,56441917653.0156,58847016044.8244,60516043590.1924,62420165099.7301,64072870931.603,61846895120.7808
Caribbean small states,64524447018.3122,69668271732.9069,72051115323.7984,73345409463.9086,74470922980.3425,73243299833.0016,69598702057.8724,71693634217.0543,75312833438.1826,76173669481.1443,66039332389.2884
Cuba,64328000000.0,68990000000.0,73141000000.0,77148000000.0,80656000000.0,87133000000.0,91370000000.0,96851000000.0,100050000000.0,103428000000.0,107352000000.0
Curacao,,3038699608.93855,3131096089.38547,3147616201.11732,3158406033.51955,3151910782.1229,3122287932.96089,3116610111.73184,3127908044.69274,3101787709.49721,2595821708.81313
Cayman Islands,4156990759.63038,4186223808.95236,4291159006.36025,4405954638.18553,4563017880.71523,4708336733.46934,4909498979.9592,5166467298.69195,5522625585.0234,5935769350.77403,5591623664.9466
Cyprus,25732432719.0773,27565469097.9955,24978513426.6992,23900872625.8467,23156850006.6427,19842404304.8929,20953442550.3653,22870833709.8961,25522671232.8767,25758357774.5438,24612646487.7213
Czech Republic,209069940963.177,229562733398.948,208857719320.649,211685616592.931,209358834156.329,188033050459.881,196272068576.338,218628940951.675,248950103352.137,252498032247.163,245339322066.759
Germany,3396354075663.73,3744408602683.94,3527344944139.83,3732743446218.92,3883920155292.26,3356235704119.75,3467498002104.33,3681732583768.5,3975347237442.99,3888326788627.44,3846413928653.71
Djibouti,1128611700.3618,1239144501.77525,1353632941.5207,2042817162.85639,2214679081.25658,2430274292.2896,2603540256.91955,2751445573.68009,3012803457.10411,3324615549.09099,3384385216.71609
Dominica,493825925.925926,501025925.925926,485996296.296296,498296296.296296,520207407.407407,540737037.037037,576229629.62963,519837037.037037,550622222.222222,611537037.037037,504214814.814815
Denmark,321995279401.502,344003137611.271,327148943812.137,343584391647.927,352993631617.708,302673070846.857,313115929314.339,332121063806.391,356841216410.068,347561349210.979,356084867685.639
Dominican Republic,53860175555.9961,58029750745.6495,60681537195.7996,62682163837.347,67179914026.9623,71164825256.6849,75704720189.5607,79997975621.8654,85555378042.8196,88941299733.5018,78844702329.0785
Algeria,161207270185.25,200013052199.2,209058991952.125,209755003250.664,213810024944.464,165979279263.174,160034163871.455,170097014589.134,174910878623.049,171767403748.19,145009181490.62
East Asia & Pacific (excluding high income),7857940027950.89,9608210463135.21,10719126410778.1,11828349008693.6,12751243799677.6,13281198366371.3,13560237634379.5,14819322198962.2,16574964993617.6,17135404533968.4,17448894596355.7
Early-demographic dividend,8800252056399.51,9651875269406.52,10096217079186.6,10250908279248.5,10603415111975.0,10082377974481.9,10307820454608.6,11137608724945.9,11214753522578.3,11527336323652.6,10668243564848.3
East Asia & Pacific,17032318785636.5,19751941337663.2,21131779106451.4,21367649737241.0,22038396030947.8,21951401205501.8,22720684963608.3,24268504216073.0,26416317598842.3,26981455514224.5,27097404937164.8
Europe & Central Asia (excluding high income),3119371993286.66,3853333483348.16,4085332511672.57,4341022815353.31,4045786134160.93,3099131447149.27,2965857286860.64,3329876408661.55,3423986143967.44,3493926388854.03,3222403620453.33
Europe & Central Asia,21013558496066.8,23296350638065.9,22463014714476.1,23477452103178.9,23793962374648.4,20508597009691.0,20445552705800.9,21648851652556.4,23217309660002.3,22934004820241.6,22121578723066.8
Ecuador,69555367000.0,79276664000.0,87924544000.0,95129659000.0,101726331000.0,99290381000.0,99937696000.0,104295862000.0,107562008000.0,108108009000.0,98808010000.0
"Egypt, Arab Rep.",218983666061.706,235989672977.625,279116666666.667,288434108527.132,305595408895.265,329366576819.407,332441717791.411,235733695652.174,249712999437.254,303080865603.645,365252651278.852
Euro area,12629069775558.1,13619653887377.9,12638916806936.3,13191652296932.5,13490997038990.6,11669741216577.3,11964468804660.3,12646241353753.9,13692226055585.5,13413568065812.5,13021049031268.7
Eritrea,1589515447.15447,2065001626.01626,,,,,,,,,
Spain,1420722034063.0,1478772824224.03,1324820091194.67,1354757433212.72,1369398844599.58,1195119269971.52,1232076017361.53,1309297246509.31,1420300232663.59,1393046093137.25,1281484640043.58
Estonia,19523477325.6235,23183616045.5168,23020466784.6112,25108615091.9884,26598657880.5486,22881558191.8523,24056487770.898,26857880621.935,30474612057.4484,31045591753.4901,30650285471.7215
Ethiopia,29933790334.3418,31952763089.33,43310721414.0829,47648211133.2183,55612228233.5179,64589334978.8013,74296618481.0882,81770791970.982,84269348327.3454,95912590628.1412,107645054311.876
European Union,14545430302862.2,15741789992629.5,14636917145741.3,15296013552373.2,15634241267477.3,13547247755711.5,13885155820999.3,14734764528614.8,15971540026258.9,15689357247344.5,15291934754441.6
Fragile and conflict affected situations,1689111118050.41,1539477359425.41,1738127377791.99,1806534337271.99,1958696313708.41,1560339195776.8,1407794580336.84,1440153462302.17,1572829705560.61,1661765815317.45,1508644836830.91
Finland,249181190476.369,275243697751.011,258304834621.605,271285280621.373,274497230802.958,234440080998.273,240607907010.383,255016517537.983,275580448365.235,268508200125.49,269594831987.549
Fiji,3140508835.9485,3774530615.65916,3972012570.53467,4190143206.25611,4856963229.83999,4682546863.08162,4930204229.72263,5353404422.08138,5581371847.61641,5496264766.37285,4533883782.27458
France,2642609548930.36,2861408170264.6,2683825225092.63,2811077725703.59,2852165760630.27,2438207896251.84,2471285607081.72,2588740901639.81,2789593979064.58,2728870246705.88,2630317731455.26
Faroe Islands,2320424601.26954,2490807830.57351,2366301251.61847,2627049837.08135,2850743875.2784,2518096285.61661,2738832687.13698,2899226097.62377,3051341335.9516,3126293219.77989,
"Micronesia, Fed. Sts.",296944100.0,311301600.0,327248700.0,317214400.0,319271200.0,316489900.0,332265200.0,366666800.0,401932300.0,408057100.0,410083600.0
Gabon,14372591916.4792,18210308748.2912,17170465294.0332,17595745653.3676,18203968001.8908,14383107714.0388,14023890620.3384,14929488770.7315,16867325126.5423,16874405839.7948,15316826191.5682
United Kingdom,2491110093454.18,2674891473843.81,2719158341005.79,2803291406029.93,3087165602962.86,2956573778737.76,2722851958486.23,2699016715111.39,2900791442554.06,2878673912414.44,2759804061837.07
Georgia,12243505582.6741,15107441446.7833,16488403076.3641,17189551520.9811,17627003454.7205,14953950557.4406,15141758566.7808,16242916915.7203,17599700090.762,17477255562.2583,15846489610.8073
Ghana,32197272797.2028,39337314809.9434,41270954737.2459,62823043706.4702,54782847752.5375,49406568432.6711,56165172898.8695,60406382898.5174,67299280679.563,68337537815.7703,68532281805.6722
Gibraltar,,,,,,,,,,,
Guinea,6853467857.61127,6785137172.77058,7638045254.42864,8376613843.27265,8778473614.54728,8794202443.67366,8595955581.21787,10324668266.5921,11857030336.5252,13513809258.2131,15681050917.1563
"Gambia, The",1543292392.54605,1409694553.90934,1415006238.09509,1375608956.10386,1229460601.92174,1378176868.31568,1484579844.37143,1504909753.28746,1670670668.5939,1812529104.61923,1868086274.822
Guinea-Bissau,849878424.225986,1099818651.98114,989271229.637162,1046087417.96916,1054915645.19654,1048229629.42039,1179004941.22904,1350177127.5523,1504630120.99275,1439638443.38133,1431758242.90375
Equatorial Guinea,16314443428.9408,21357343681.8966,22388344123.9916,21948834290.3538,21765453087.4795,13185496881.4055,11240808846.6928,12200913887.6419,13097012189.3995,11417278044.9859,10021856754.4944
Greece,296835346570.223,282625610892.477,242043151399.458,238839788899.338,235144949470.797,195604846736.019,193017030649.7,199350781053.185,211945897765.431,205144152830.847,188835201625.91
Grenada,771013259.259259,778655925.925926,799882259.259259,842620111.111111,911497407.407407,997007925.925926,1061640740.74074,1125685185.18519,1166523555.55556,1212694407.40741,1042100555.55556
Greenland,2503156060.52524,2684467375.71479,2609667673.71601,2684952726.88425,2842048997.77283,2499115623.00272,2707146783.13056,2851610655.92391,3040414278.02236,2982247278.61577,
Guatemala,40676432028.5934,46876114650.4996,49593961141.7484,52996540703.5943,57852399963.7878,62186186575.7433,66053725049.0138,71654134378.5299,73208583758.9105,77020015201.3201,77604632170.5853
Guam,4949000000.0,4984000000.0,5265000000.0,5399000000.0,5610000000.0,5799000000.0,5901000000.0,6013000000.0,6060000000.0,6364000000.0,5844000000.0
Guyana,3432913073.24154,3691384317.52178,4063089191.87525,4167800259.20888,4127659492.02031,4279840193.7046,4482697336.56174,4748174334.14044,4787636237.24043,5173760191.84652,5471256594.72422
High income,45489097382327.4,49109480602797.6,49159087672430.2,49750908505726.5,50836230895596.5,48055867599598.7,49096222099382.5,51317176380343.4,54557477581503.8,55045647599804.8,53461077539109.3
"Hong Kong SAR, China",228637697575.04,248513617677.287,262629441493.476,275696879834.966,291459356985.337,309383627028.561,320837638328.846,341244161576.759,361691522612.745,363016373358.517,346585881503.635
Honduras,15729649158.5883,17588098574.7369,18400538859.3598,18372173380.7373,19618567249.5003,20833948799.5352,21566622849.6057,22975415842.4648,23900438563.7271,24915522849.1544,23662231633.9139
Heavily indebted poor countries (HIPC),504925441382.301,559476597826.001,579141767026.551,650020934455.225,687772113939.376,660137574454.023,668494140790.382,720193577997.662,768422112077.273,789831743959.288,797697289590.406
Croatia,60426018629.2992,63169910822.1285,57192346923.335,58889082315.336,58330289756.6914,50163192883.1515,52295158344.2544,56214427431.2,62247874948.8225,62246206340.5469,57203783203.0259
Haiti,11859315078.7902,13008754110.8113,13708926466.2732,14902474090.615,15139264670.4225,14833154471.7456,13987693738.923,15035560372.6443,16455034352.7671,14785839382.9002,14508218017.4032
Hungary,132231134158.608,141999960209.893,128857370476.631,135732595721.853,141078984816.675,125210324613.14,128636108315.474,143136245596.988,160586833778.457,163526491433.29,155808436238.487
IBRD only,20069233888439.9,23696138171256.5,25189109238990.9,26606911798876.8,27504267603927.4,25777855012106.7,25985815318089.0,28680103566456.8,30478923454219.6,31184076970102.0,29900583521576.8
IDA & IBRD total,21735598818584.3,25368729260308.7,26954652148902.7,28527644003843.4,29559228896028.4,27795215937749.3,27944071146475.4,30704487501895.7,32623821519669.5,33422564858176.3,32139314724146.1
IDA total,1666849397681.64,1672506445983.61,1765425258525.31,1920732204966.61,2054961292101.08,2016489528845.36,1958087127898.94,2025486792815.3,2146130874749.33,2239335266065.3,2239424393002.2
IDA blend,709848482641.06,814197671741.154,900516869460.178,977960758120.661,1049228964549.63,1011433451408.63,942117764046.8,925118884014.572,966188380162.912,998391254201.582,961669400838.282
Indonesia,755094160363.071,892969107923.094,917869910105.749,912524136718.018,890814755233.225,860854235065.079,931877364177.742,1015618742565.81,1042271531011.99,1119091259074.62,1058423838345.14
IDA only,957677901673.409,858491015302.445,864900430446.951,942771446845.952,1005732327551.44,1005056077436.73,1015969363852.14,1100367908800.73,1179942494586.42,1240944011863.71,1278442378837.88
Isle of Man,5920177688.50433,6566098381.6696,6690725118.48341,7000748788.49461,7708834951.45631,7085288006.11154,6846691871.45558,6979581724.58172,7491969312.87525,7315388052.08067,
India,1675615335600.56,1823049927771.46,1827637859135.7,1856722121394.53,2039127446298.55,2103587813812.75,2294797980509.01,2651472946374.91,2701111782775.03,2870504096717.77,2660245248867.63
Not classified,,,,,,,,,,,
Ireland,221659742984.75,238662833333.918,225509709550.982,238211547205.677,258625192663.58,291462799328.949,298725229419.215,334602299873.029,384853685231.018,399122063504.148,425888950992.003
"Iran, Islamic Rep.",486807615326.147,580764902917.439,598868460912.847,460293149324.326,432687036177.818,384951479697.42,417983583565.54,445345256459.105,294356680624.658,258245497664.394,203471303952.344
Iraq,138516722649.573,185749664444.444,218002481737.691,234637675128.645,228415656174.957,166774109673.732,166602488747.885,187217660050.676,227367469034.031,235097182233.503,166756984395.973
Iceland,13751161917.7398,15221622925.9319,14751508133.5443,16125060515.3117,17867662177.8911,17517210519.0912,20793168030.9524,24728285177.4603,26267063757.5495,24857740445.0401,21718075725.2054
Israel,234654589559.973,262293871093.061,258417104163.53,294167366504.266,310944937638.436,300078278118.434,319024417316.889,355277223507.485,373641241440.789,397934596952.56,407100736594.064
Italy,2134017843247.16,2291991045770.29,2087077032435.15,2141315327318.21,2159133919743.77,1835899237320.04,1875797463583.87,1956950469673.29,2090910879119.33,2009383867307.45,1888709443687.48
Jamaica,13220556882.7046,14444655299.8772,14807086889.2099,14264202737.3082,13899228824.2161,14188935947.5694,14077109396.8584,14808989993.3185,15730793852.7913,15830768549.8916,13812425036.5864
Jordan,27133804225.3521,29524149154.9296,31634561690.1408,34454440140.8451,36847643521.1268,38587017887.3239,39892551126.7606,41408960845.0704,42932112676.0563,44502895915.493,43697659295.7747
Japan,5759071769013.11,6233147172341.35,6272362996105.03,5212328181166.18,4896994405353.29,4444930651964.18,5003677627544.24,4930837369151.42,5036891740656.35,5148781948478.17,5057758958706.64
Kazakhstan,148047348240.643,192626507971.584,207998568865.789,236634552078.102,221415572819.5,184388432148.715,137278320084.171,166805800595.704,179339994859.384,181667190075.541,171082379532.988
Kenya,45405587556.7313,46869457318.2541,56396706005.9435,61671425370.0235,68285768554.472,70120413328.7838,74815121314.9381,82035800868.187,92202956320.532,100555485831.944,101013726529.063
Kyrgyz Republic,4794357795.07139,6197766118.59856,6605139933.41063,7335027591.91628,7468096566.71158,6678178340.45121,6813092065.83507,7702934800.12836,8271108638.39931,8871026074.19762,7735976272.75983
Cambodia,11242275198.9783,12829541141.0127,14054443213.4639,15227991395.2201,16702610842.4025,18049954289.4229,20016747754.0192,22177200511.5811,24571753583.4922,27089389786.979,25808561550.9514
Kiribati,156120439.254831,181705153.610056,190243432.813514,185114059.61905,179703165.412383,171117816.66613,178328984.096884,187276124.790591,200157020.642498,188391770.636764,197508774.344505
St. Kitts and Nevis,760170370.37037,817759259.259259,800414814.814815,839770370.37037,916566666.666667,923155555.555555,1008888888.88889,1060740740.74074,1078518518.51852,1164814814.81481,980740740.740741
"Korea, Rep.",1144066965324.49,1253223044718.99,1278427634342.59,1370795199976.18,1484318219633.63,1465773245547.15,1500111596236.37,1623901496835.79,1724845615629.26,1651422932447.77,1637895802792.9
Kuwait,115419399860.433,154068115942.029,174070382279.385,174161142454.161,162631412508.784,114567298105.683,109419728566.7,120707435542.367,138182400331.126,136196760210.804,105960225688.145
Latin America & Caribbean (excluding high income),4547392504368.97,5310062551611.88,5288238994746.05,5431528584794.47,5460423914795.15,4652915580734.16,4527263970326.23,5047188672357.17,4905598920400.61,4849397095732.19,4035270946811.09
Lao PDR,7131773632.71369,8750107401.57872,10192848926.2582,11983252611.2727,13279248478.8161,14426381187.0894,15912495368.8717,17071162084.4067,18141651381.3884,18897252232.5826,19132635711.6957
Lebanon,38443907042.3002,39927125961.2072,44035991893.0218,46909335550.6109,48133414840.4075,50065946086.17,51389318290.8642,53324800958.6119,55276157552.246,51953744507.4091,31735217784.5445
Liberia,1998000000.0,2398000000.0,2791614000.0,3177198100.0,3225652000.0,3227075700.0,3398419600.0,3390703400.0,3422754800.0,3319596500.0,3201187800.0
Libya,74773444900.5368,34699395523.6073,81873662518.8238,65502870173.7831,41142722414.3351,27842131479.8726,26197143268.1243,37883243650.452,52607888717.9487,52091152228.3425,25418916028.8964
St. Lucia,1486758037.03704,1576988407.40741,1605146777.77778,1664816740.74074,1755130814.81481,1808079888.88889,1865513444.44444,1996771444.44444,2065127259.25926,2118791555.55556,1616772740.74074
Latin America & Caribbean,5353326525498.8,6086927015359.81,6150388245718.43,6303267059984.83,6426942883850.92,5370990480732.64,5249213832711.21,5830526163632.23,5703878670404.75,5627255688192.68,4725519821856.69
Least developed countries: UN classification,673731213767.594,776258122421.158,815688252970.839,893888138674.141,963349568034.599,946180216400.621,936300776403.567,1025443701461.53,1063215566761.73,1107362458211.5,1114278182953.05
Low income,578209113776.615,403961717711.885,384447795530.725,395478031005.28,423854169973.91,418166107033.512,387204228271.268,409137806152.78,425614516516.61,448440169081.511,459729949563.423
Liechtenstein,5082366478.08994,5739977477.47748,5456009384.66461,6391735893.83968,6657170923.37918,6268391521.19701,6237264055.20601,6474256118.61481,6839145106.86164,6684443550.01006,
Sri Lanka,56725749221.9043,65292753005.4665,68434409315.1123,74317806538.3632,79356449840.5771,80604080688.5775,82401038709.5356,87428128123.7209,87963042340.8379,83990946939.4651,80676681933.978
Lower middle income,5200810906398.36,5935836124467.99,6230149293706.56,6343694020447.03,6596912130744.29,6458585149777.88,6737458245945.12,7246520795601.96,7346924046154.44,7735772656431.27,7384772400818.06
Low & middle income,20604942626457.8,24227089925208.7,25771548477079.8,27317543283463.3,28239015205215.0,26797210771637.8,26945295092752.2,29595883137001.7,31412370428414.3,32220208388558.1,30993151083682.1
Lesotho,2234731973.55119,2579421686.24912,2477702252.80078,2367113170.00373,2441053175.70743,2359759799.04224,2114323793.98266,2306843528.52853,2514146887.91664,2366213068.57507,1875227642.47384
Late-demographic dividend,13510221989909.3,16462146265737.5,17609867998265.3,18979037746812.3,19701784590184.2,18473004305920.9,18520215439507.4,20551282326381.3,22531965339672.5,22958638272110.5,22433389417760.0
Lithuania,37128694028.243,43535051482.3869,42927454291.478,46523420074.4372,48533659592.1728,41418872976.1196,43018087237.5741,47640770634.427,53724663842.5623,54697379017.3332,56546957475.4912
Luxembourg,56159192758.3285,61615545000.3597,59779802783.3455,65184744717.028,68713294386.2129,60047430684.2639,62174650367.2216,65549868206.9418,71250208995.6425,70195715495.5136,73353132793.7076
Latvia,23956163076.5575,27474380566.265,28169902669.3784,30204783461.8488,31345148670.5896,27252128626.6281,28064533352.2849,30408509601.8003,34412210812.2783,34308783825.3019,33707320816.3036
"Macao SAR, China",28241858488.9155,36845925519.4433,43189526777.5567,51536304807.6803,54903031137.7096,45047964934.2517,45070605746.0194,50440941938.6992,55284360483.1217,55204758069.5124,25586111076.3415
St. Martin (French part),,,,,,,,,,,
Morocco,93216746661.5977,101370474295.109,98266306615.3632,106825649872.108,110081248587.369,101179808076.36,103311649248.024,109682728023.112,118096227400.092,119870439113.662,114725065285.149
Monaco,5367625613.15127,6088808463.25167,5743029680.07195,6555983530.34932,7069616048.89066,6261622101.40908,6472990923.1791,6431314957.07185,7194024563.06094,7383745662.15157,6816219303.25528
Moldova,6974960345.3712,8414360656.29632,8709165249.26928,9496684701.43325,9510219299.49557,7745231660.33425,8071480540.86068,9669759987.02633,11456728401.3069,11970233939.8808,11915547262.6561
Madagascar,9982711338.11125,11551819617.6416,11578974887.9668,12423555269.3948,12522957228.1618,11323020828.5844,11848613735.1908,13176313593.5418,13760033096.5122,14104664514.87,13056079982.3887
Maldives,2588176054.6875,2774351760.03287,2886170571.69634,3295011381.75405,3697351596.83753,4109424799.72407,4379136461.83077,4754175869.24027,5300962659.51088,5607762625.14627,3742769967.42798
Middle East & North Africa,2972458255990.41,3287583543837.69,3557445838296.86,3508653077435.23,3524657942442.77,3095509625416.13,3105138845524.55,3225517205255.14,3368284061892.69,3406149805140.73,3035580428041.81
Mexico,1057801295584.05,1180489601957.61,1201089987015.45,1274443084716.57,1315351183524.54,1171867608197.72,1078490651625.31,1158913035796.37,1222408203104.3,1269433932805.91,1073915880822.5
Marshall Islands,160407100.0,172188500.0,180436300.0,184840400.0,182142800.0,183814300.0,201510900.0,213204100.0,221588900.0,239462200.0,244462400.0
Middle income,20041628752133.2,23825999777911.6,25387752941965.9,26922118067747.4,27815839699399.7,26380350797716.6,26558023228732.3,29186000510333.6,30985606994094.4,31771082836908.0,30535343464998.6
North Macedonia,9407168702.4313,10494632699.3859,9745251126.0109,10817712138.9451,11362272837.8818,10064515432.0265,10672471860.7184,11307058382.3435,12683070061.4695,12606338448.547,12263710122.7645
Mali,10689167195.3375,12995113407.2335,12442036265.1484,13242691429.5942,14364937996.8661,13104764333.9941,14026048690.7312,15365714371.3316,17070866299.0945,17280251193.9527,17465392915.9153
Malta,9035932122.49768,9638916481.06904,9462238211.48657,10551661176.7831,11626281387.0068,11091434483.5238,11721521912.7202,13221298307.8894,14864712990.1631,15215714309.0974,14647384607.604
Myanmar,37796052938.7278,54118601974.7947,58318677644.9492,60572254371.4731,63264891867.054,63045306513.9323,60291738934.7783,61449391917.1299,67144726167.9303,68697761477.1818,79852046610.9676
Middle East & North Africa (excluding high income),1579524587809.95,1565628375271.21,1699939010902.07,1571815091867.65,1547656462442.83,1385866266853.23,1403896677724.43,1384689900925.74,1320216563622.83,1343535630261.11,1195745981528.4
Montenegro,4143033275.88493,4544516982.18263,4087725812.66864,4464260488.58205,4587928884.17142,4052913385.82677,4374128318.58407,4844592066.71174,5504166666.66667,5542674317.06225,4769860740.74074
Mongolia,7189481824.07288,10409797649.3063,12292770631.1967,12582122604.1921,12226514722.0861,11619892396.0767,11181350461.4723,11480847745.3187,13178094459.4548,14206359006.8095,13312981594.573
Northern Mariana Islands,799000000.0,729000000.0,746000000.0,772000000.0,832000000.0,910000000.0,1230000000.0,1560000000.0,1302000000.0,1182000000.0,
Mozambique,11104648673.0016,14381552432.9494,16350804543.0515,16974320551.0213,17716084107.5888,15950969018.9458,11936999283.1791,13219084261.3664,14845870050.7092,15384701797.9863,14019446610.1963
Mauritania,5628882266.37767,6764635686.79345,6728208836.22143,7223063169.72749,6592537781.81518,6166857628.62212,6398744505.08129,6799075418.99441,7354430040.11966,7889662452.16785,7913680231.1828
Mauritius,10003670690.3497,11518393367.2403,11668685524.1265,12129642296.4425,12803445933.5894,11692287066.381,12232463655.5727,13259351418.4459,14181951058.5129,14045808843.221,10920606197.6928
Malawi,6959655570.89098,8004000737.30717,6028487928.83351,5518880768.57955,6047813437.31804,6373212640.84604,5433040159.88747,8943543677.18899,9880675785.93057,11025357837.607,12182348212.7073
Malaysia,255016609232.871,297951960784.314,314443149443.149,323277158906.979,338061963396.376,301354803994.367,301255380276.258,319112136545.438,358791603677.728,365276282438.141,337006066373.26
North America,16616030620486.3,17342220425174.5,18031752018521.6,18637912373835.0,19339327561439.9,19801463926217.1,20279970339907.4,21199387143244.1,22344414455783.0,23182723855482.3,22605296107568.4
Namibia,11431334447.4305,12523402328.7671,13042007432.4489,12043276397.1652,12435416060.2791,11335179562.0211,10721994676.6562,12895153160.466,13682062249.2236,12496781719.7752,10619194505.3543
New Caledonia,9364350064.99003,10351448025.3062,9659151908.65882,10151382876.8157,10635035550.0101,8738203041.54819,8724568970.67891,9173669999.5986,9846920284.01006,9438127994.09456,
Niger,7851191899.3408,8772951261.81807,9426913349.22319,10224897934.722,10862944203.5591,9683867893.68343,10398862244.9737,11185102399.5762,12808660528.0617,12916455161.1081,13741378450.136
Nigeria,361456622215.721,404993594133.582,455501524575.498,508692961937.492,546676374567.721,486803295097.89,404650006428.613,375746469538.666,397190484464.308,448120428858.769,432293776262.398
Nicaragua,8758592272.10579,9774262741.75783,10532006608.1447,10982979274.1922,11880434070.7811,12756706583.3113,13286083644.8761,13785876629.3189,13025239912.2751,12611218627.0632,12621505382.6062
Netherlands,846554894931.084,904085980796.018,838971306990.906,876923518850.405,890981311077.658,765264949780.999,783528181704.567,831809944960.879,913597086062.599,910194347568.626,913865395789.886
Norway,428757038466.841,498283438454.281,509506317146.541,522761531914.894,498410050251.256,385801550067.169,368827142857.143,398393955268.99,436999692591.454,404941363636.364,362198318435.26
Nepal,16002656434.4746,21621710002.5111,21703106502.4926,22162208956.0893,22731602969.6861,24360795410.1597,24524098184.4236,28971589213.134,33111525182.7133,34186180694.9285,33657175561.329
Nauru,47564520.3910861,66055407.6703145,96927201.4848422,98491843.6441982,104654365.188653,86529661.3694983,99723394.9628767,109359680.217211,124021393.690412,118724073.809183,114626625.553023
New Zealand,146517541181.254,168291357111.739,176206659722.524,190906575136.003,201313497220.917,178064471137.921,188943457301.474,206950600690.395,212225726657.864,212891048340.608,210700848973.509
OECD members,45189146600132.4,48610827426814.3,48580091683230.5,49230642034494.1,50263889809025.3,47463898846648.0,48397984326277.6,50501618709816.2,53469075642165.5,53983129759722.6,52392675685741.2
Oman,64993498049.4148,77497529258.7776,87408842652.7958,89936020806.2419,92699089726.9181,78710793237.9714,75128738621.5865,80856697009.1027,91505851755.5267,88060858257.4772,73971391417.4252
Other small states,322471061693.29,396935260715.642,414204036938.196,432280813993.555,446198800396.374,369944240893.982,365871050813.934,398011979849.432,441549513063.081,432772412402.879,375853309054.965
Pakistan,177165635077.065,213587413183.996,224383620829.57,231218567178.979,244360888750.807,270556131701.171,278654637737.69,304567253219.097,314567541558.339,279056608888.638,262610002938.509
Panama,29440287581.2675,34686224301.1773,40429734384.2184,45599994004.8873,49921464365.3204,54091713775.5634,57907695408.9392,62202725204.4646,64929409212.4566,66984427150.321,53977036995.1729
Peru,147528937028.778,171761737046.585,192648999090.082,201175469114.327,200789362451.567,189805300841.603,191895943823.887,211007207483.515,222574697255.522,228470919605.669,202014363787.233
Philippines,208368726860.828,234216930369.373,261920509949.785,283902728259.788,297483247100.855,306446140627.933,318626761492.305,328480867143.204,346842094174.513,376823278560.849,361489325230.731
Palau,185943000.0,196911100.0,212397800.0,221117200.0,241669800.0,280457700.0,298300000.0,285300000.0,284700000.0,274200000.0,257700000.0
Papua New Guinea,14250755231.1257,17984910501.8979,21295659243.6168,21261432791.2675,23210682538.3928,21723531173.2409,20759069103.0961,22742613553.6879,24109509852.7402,24751344552.2057,24668899683.4299
Poland,479834179020.33,528301269069.799,498523568248.119,521016262734.924,542477096211.761,477811911394.084,472630364208.177,526508877305.321,587411745161.558,597280564671.563,596624355719.671
Pre-demographic dividend,1037776079579.75,1199642640459.08,1306390237930.62,1435831507918.79,1511292036256.77,1318251883991.98,1205554683338.89,1258665620177.51,1344631255020.84,1407737206758.23,1293147607836.51
Puerto Rico,98381300000.0,100351700000.0,101564800000.0,102450000000.0,102445800000.0,103375500000.0,104336700000.0,103445526000.0,100925000000.0,104914600000.0,103138300000.0
"Korea, Dem. People's Rep.",,,,,,,,,,,
Portugal,237880908317.652,244797226567.109,216236608773.976,226369502104.236,229596170846.995,199313894327.486,206286022781.894,220811110492.149,242194788533.537,239986922638.902,228539245045.341
Paraguay,27237782849.6908,33756238766.5,33296438306.4747,38651334287.6732,40377987208.689,36211372702.8085,36089550659.0914,38997129473.5558,40225448340.6322,37906944074.6128,35670301496.1061
West Bank and Gaza,9681500000.0,11186100000.0,12208400000.0,13515500000.0,13989700000.0,13972400000.0,15405400000.0,16128000000.0,16276600000.0,17133500000.0,15561300000.0
Pacific island small states,6566818383.30086,7713181064.07788,8186804963.31876,8498136739.25014,9226234550.7989,9019345253.78121,9456355295.65444,10212037558.4144,10656209172.6383,10641343380.1528,9530487871.90819
Post-demographic dividend,42629950239297.4,45786834754035.7,45736830487196.8,46190856863374.7,47132834889148.1,44639629214327.1,45663052438816.6,47592585202958.4,50485659285623.0,50983772698324.3,49594473170967.9
French Polynesia,,,,,,,,,,,
Qatar,125122306346.154,167775268626.374,186833502362.637,198727642967.033,206224598571.429,161739955576.923,151732181868.132,161099122225.275,183334953818.681,176371267689.082,144411363345.27
Romania,166309355234.589,183326740143.016,170635805316.879,190801346194.297,199959363430.073,177729210874.504,188128818486.401,211695422578.655,241457403085.042,249881592298.072,248715551366.635
Russian Federation,1524917468442.01,2045925608274.37,2208295773643.15,2292473246621.08,2059241965490.83,1363481063446.77,1276786979221.81,1574199387070.9,1657328865709.99,1687448525466.61,1483497784867.6
Rwanda,6121234528.98826,6881038269.61727,7650300319.83,7815599502.65683,8241332516.54991,8539048447.78065,8690485823.14546,9253098954.27769,9640280084.19572,10355974217.3735,10333991455.5443
South Asia,2060781299767.88,2274546308870.42,2300089514184.29,2359608787133.33,2584563411971.5,2699434735086.46,2926447614196.87,3348108849820.74,3436593922937.52,3597252024123.45,3386420411905.1
Saudi Arabia,528207332640.0,671238840106.667,735974843360.0,746647127413.333,756350347333.333,654269902880.0,644935541440.0,688586244293.333,786521831573.333,792966838160.0,700117873253.333
Sudan,58962978034.4828,55018567210.5263,37632919966.6667,43024018082.1918,49516748617.9775,51726758676.7677,42630376000.0,41283617976.1905,30964349684.7059,26155799324.8663,21329109521.8077
Senegal,16121314670.9653,17814284622.1718,17660871725.9977,18918668644.1941,19797254643.1212,17774766636.0459,19040312815.1337,20996564751.5994,23116699808.1723,23306213742.3602,24644234594.6566
Singapore,239809387605.427,279351168707.267,295087220933.024,307576360584.992,314851156183.411,308004146057.608,318763807455.664,343337750742.27,375981539145.907,374386306993.109,339998477929.985
Solomon Islands,846797693.595387,1049952233.25874,1190994126.60431,1284698922.22785,1335538893.33315,1307061543.70981,1378551118.49224,1483758906.61054,1574599182.64697,1570093229.25588,1545888426.23031
Sierra Leone,2578026297.15912,2942546781.04548,3801862611.36414,4920343194.99339,5015157815.73406,4218723875.1379,3674794530.18956,3719369107.34992,4085114794.22324,4076578542.56207,4063289449.58795
El Salvador,18447920000.0,20283780000.0,21386150000.0,21990960000.0,22593470000.0,23438240000.0,24191430000.0,24979190000.0,26020850000.0,26896660000.0,24638720000.0
San Marino,1881214370.93994,1813752783.96437,1604779647.95066,1678841811.66158,1673973694.69908,1419394771.21029,1468377272.13859,1528630707.49794,1655300872.53427,1616369645.99635,
Somalia,,,,4574495666.99486,5021956321.11861,5331761394.25501,5529873479.87153,5609000000.0,5850677295.69858,6476674591.87348,6965285324.52207
Serbia,41819468691.8251,49258136128.9672,43309252921.0567,48394239474.6762,47062206677.6539,39655958842.5478,40692643373.0327,44179055279.8887,50640650221.4622,51514222381.8428,53335016425.4148
Sub-Saharan Africa (excluding high income),1437689406308.46,1612935944871.59,1676823602749.27,1783701881195.77,1848430683154.1,1679282214816.95,1562471245754.72,1667569037259.91,1752997158519.13,1802899488968.81,1704320048486.98
South Sudan,14602072410.9506,14907308932.7534,11931472169.4915,18426469016.9492,13962212847.4576,11997800760.2242,,,,,
Sub-Saharan Africa,1438659084421.26,1614001424232.48,1677883344952.53,1785030038804.6,1849773690999.14,1680659709871.0,1563897897523.55,1669097279286.27,1754544849278.58,1804482330027.71,1705379934850.61
Small states,393562327094.903,474316713512.627,494441957225.314,514124360196.714,529895957927.516,452206885980.765,444926108167.461,479917651624.9,527518555673.901,519587425264.176,451423668844.166
Sao Tome and Principe,196652514.267255,231489270.144529,250680845.747837,300554483.611626,346528329.183227,316066072.343754,345495614.979982,375614126.193877,412253809.728799,427425039.684339,472914469.91933
Suriname,4368398047.64333,4422276621.78703,4980000000.0,5145757575.75758,5240606060.60606,5126291450.81511,3317438910.83068,3591623596.03082,3996247906.19765,3984483762.37123,2884248048.49068
Slovak Republic,90712671900.5229,99362720493.6429,94258572686.2287,98541305462.1038,100954719362.24,88601289843.0917,89614053143.7939,95157888666.9967,105561218935.334,105284375640.698,105172564491.569
Slovenia,48161250405.2468,51516366654.8197,46580457470.2769,48401896808.3064,49930685013.4603,43090173394.6913,44736333522.4522,48469082710.3089,54137142149.4799,54178877605.9999,53589609580.7099
Sweden,495812558843.31,574094112972.733,552483727282.802,586841821796.891,581964017237.095,505103781349.757,515654671469.547,541018749769.097,555455371487.089,533879529188.454,541220059459.25
Eswatini,4438778424.30203,4820499924.2539,4886533032.88672,4597532029.70451,4422968339.67584,4063245671.29285,3816022046.82656,4402969225.92165,4665420238.51784,4495679480.96886,3972728948.47088
Sint Maarten (Dutch part),,936089385.47486,985865921.787709,1022905027.93296,1245251396.64804,1253072625.69832,1263687150.83799,1191620111.73184,1185474860.3352,,
Seychelles,969936525.298729,1065826669.89742,1060226125.62616,1328157608.83087,1343007845.04468,1377495054.04127,1426651768.82189,1528242026.36264,1547690759.44363,1582841058.89479,1059886363.63636
Syrian Arab Republic,252518218262.806,64315437939.0108,42807315975.5342,20345458470.8427,21239000398.0826,16492072144.2125,12356980638.8143,16112991411.879,21490335085.8366,22777882165.1115,
Turks and Caicos Islands,686787810.0,728789570.0,727161000.0,754238000.0,841070000.0,942070000.0,1032452000.0,1022365000.0,1113178000.0,1197415000.0,924583000.0
Chad,10668102734.8132,12172309522.6171,12367363677.6199,12953535495.8781,13940768065.6063,10950392219.9104,10097778353.7651,10000395242.1457,11239167048.4916,11314951342.7807,10829076801.729
East Asia & Pacific (IDA & IBRD countries),7847738925829.13,9595845254012.88,10705343375492.8,11813186197924.9,12734944483410.7,13264224627407.0,13542946740899.4,14800506807477.9,16553933355619.7,17113644754522.8,17426659793626.2
Europe & Central Asia (IDA & IBRD countries),3659632190936.29,4444804663240.09,4641048426844.03,4920928160403.57,4646593520129.38,3627106551426.51,3490782809413.07,3912599713398.07,4073645764077.81,4153453159866.14,3876733319266.95
Togo,3429461495.41335,3872459249.74631,3873308389.30006,4321655656.33177,4574986536.90791,4180866177.03946,6031632168.17391,6395472574.41445,7112200725.00232,7220395247.7424,7574636978.66173
Thailand,341104820155.464,370819140946.553,397558222957.17,420333203150.426,407339454060.678,401296437424.995,413366150655.591,456356961443.497,506611070188.362,544263840039.166,501643653514.925
Tajikistan,5642178579.58438,6522732202.50748,7633049792.09321,8448469837.53831,9112544556.05962,8271454300.59548,6992393787.40891,7536439875.08334,7765014424.33779,8300784856.87904,8194150301.78552
Turkmenistan,22583157894.7368,29233333333.3333,35164210526.3158,39197543859.6491,43524210526.3158,35799714285.7143,36169428571.4286,37926285714.2857,40765428571.4286,45231428571.4286,
Latin America & the Caribbean (IDA & IBRD countries),5159145710518.22,5885157581447.08,5942534525836.95,6090591227709.33,6209687027074.93,5142581183179.61,5014502216212.06,5590908813814.5,5462065046113.99,5376512716922.1,4478206456171.96
Timor-Leste,881827800.0,1042411500.0,1160389500.0,1395519600.0,1447307100.0,1594410900.0,1650618500.0,1615609700.0,1583876200.0,2047931700.0,1902156800.0
Middle East & North Africa (IDA & IBRD countries),1569843087809.95,1554442275271.21,1687730610902.07,1558299591867.65,1533666762442.83,1371893866853.23,1388491277724.43,1368561900925.74,1303939963622.84,1326402130261.11,1180179221398.0
Tonga,366840012.442325,414523388.461329,470714083.426751,450643615.180528,439878828.008608,437006227.162781,420540178.571429,460379144.989821,489235527.395387,512350059.421629,488829964.070819
South Asia (IDA & IBRD),2060781299767.88,2274546308870.42,2300089514184.29,2359608787133.33,2584563411971.5,2699434735086.46,2926447614196.87,3348108849820.74,3436593922937.52,3597252024123.45,3386420411905.1
Sub-Saharan Africa (IDA & IBRD countries),1438659084421.26,1614001424232.48,1677883344952.53,1785030038804.6,1849773690999.14,1680659709871.0,1563897897523.55,1669097279286.28,1754544849278.58,1804482330027.71,1705379934850.61
Trinidad and Tobago,22157948396.2042,25433011405.3017,25763220107.0051,27268478564.5547,27615843098.0949,24959858249.4433,22386264807.3174,22385426653.883,23679919654.9891,23208326547.5327,21588037504.9992
Tunisia,46206331261.1019,48122838144.5183,47311196335.2884,48683848563.8515,50271342086.4222,45780069046.659,44360775649.1664,42163974956.4834,42570270107.1147,41804581484.3655,41620349986.3089
Turkey,776992599946.766,838762755164.179,880556375779.51,957783020853.031,938952628604.067,864316670330.882,869692960365.551,858996263095.858,778471901665.148,761004425605.414,719954821683.31
Tuvalu,31823518.6204366,38711810.2114492,37671774.6945537,37509075.1110253,37290607.5356048,35492074.2243257,36547799.583705,40619251.9926426,42588164.9731022,47271463.3298575,48855550.2030142
Tanzania,32014249841.4151,34657139495.4031,39650530214.3287,45680532613.7591,49964788814.0926,47378599025.3044,49774021003.0748,53320625958.5628,57003713610.7625,61136873692.3985,62409709110.9538
Uganda,26673441667.2778,27871725205.585,27305915761.2794,28915786996.5408,32612397758.4418,32387183844.6574,29203988814.8973,30744473911.5312,32927025573.4296,35353060634.2022,37600368180.9399
Ukraine,141209864408.488,169333048847.834,182592416468.527,190498811460.028,133503411375.739,91030959454.6961,93355993628.5042,112090530368.543,130891049796.879,153882982016.281,155498989149.587
Upper middle income,14840817845734.8,17890163653443.7,19157603648259.3,20578424047300.4,21218927568655.4,19921765647938.7,19820564982787.2,21939479714731.7,23638682947940.0,24035310180476.7,23150665555175.7
Uruguay,40284481651.9021,47962439303.7247,51264390116.4909,57531233350.9101,57236013086.1223,53274304222.136,57236652490.1699,64233966861.2518,64515038268.1373,61231149880.5857,53628827440.3582
United States,14992052727000.0,15542581104000.0,16197007349000.0,16784849196000.0,17527163695000.0,18238300569000.0,18745075687000.0,19542979183000.0,20611860934000.0,21433224697000.0,20953030000000.0
Uzbekistan,49765676402.4495,60178909297.208,67517349212.0609,73180036692.3255,80845384375.1236,86196265191.6645,86138288615.1218,62081323299.0324,52633143808.1824,59907674027.4676,59929951114.3598
St. Vincent and the Grenadines,681225925.925926,676129629.62963,692933333.333333,721207407.407407,727714814.814815,755400000.0,774429629.62963,792177777.777778,811300000.0,825040740.740741,807474074.074074
"Venezuela, RB",393192354510.653,316482190800.364,381286237847.667,371005379786.566,482359318767.703,,,,,,
British Virgin Islands,,,,,,,,,,,
Virgin Islands (U.S.),4324000000.0,4223000000.0,4089000000.0,3738000000.0,3565000000.0,3663000000.0,3798000000.0,3794000000.0,3900000000.0,4068000000.0,
Vietnam,115931749697.241,135539438559.709,155820001920.492,171222025117.381,186204652922.262,193241108709.536,205276172134.901,223779865815.183,245213686369.157,261921244843.172,271158442448.537
Vanuatu,670713208.084552,770153304.153832,747839697.746593,758304466.245339,772315721.265827,730870581.672312,780889605.899977,880043553.748442,914727908.137793,934521604.602009,881547928.58381
World,66488281440229.6,73653745496223.1,75312277992941.6,77439507217123.8,79557660119700.0,75112444159420.1,76305058874647.8,81193291658568.8,86267600625419.4,87568054407493.1,84746979120044.5
Samoa,663155954.963744,737147951.052999,760319276.013529,770059550.966038,756805940.214677,787958585.894736,799493884.324697,832025573.983795,821286927.535723,852007112.724637,807100820.648132
Kosovo,5344014317.91065,6341737193.76392,6163785172.81254,6735731172.79851,7074657898.23303,6295820481.52668,6682832632.27806,7180813375.50836,7878508502.59802,7899879086.43081,7716925356.12536
"Yemen, Rep.",30906749533.221,32726417212.348,35401341663.0425,40415235701.9871,43228585321.3272,42445102386.6049,31317365269.4611,26840128755.3648,21606140907.4454,,
South Africa,417365076968.257,458201514136.977,434400545085.811,400886013595.573,381198869776.106,346709790458.563,323585509674.481,381448814653.456,404842116738.074,387934574098.17,335442101366.417
Zambia,20265559483.8548,23459515275.5776,25503060420.026,28037239462.7142,27141023558.0829,21251216798.7762,20958412538.3093,25873601260.8353,26311590296.7021,23308667781.2258,18110631358.3114
Zimbabwe,12041655200.0,14101920300.0,17114849900.0,19091020000.0,19495519600.0,19963120600.0,20548678100.0,17584890936.6523,18115543790.7855,19284289739.0517,18051170798.941