Country Name,Indicator Name,2012,2013,2014,2015,2016,2017,2018,2019,2020,2021
Aruba,GDP per capita (current US$),25496.8439417217,26442.4268006965,26895.0571665314,28399.0501310163,28453.715564598,29348.418968591,30253.7142345626,31135.8843563332,23384.2987907455,
Africa Eastern and Southern,GDP per capita (current US$),1777.30395005009,1748.9055935618,1736.24221958851,1556.31646949666,1446.5336241503,1629.40427287618,1541.03166126289,1511.30925874722,1360.87864476883,1557.72268174541
Afghanistan,GDP per capita (current US$),638.845851607289,624.315454506615,614.223342360392,556.007220861443,512.012778129357,516.679862210543,485.668418729808,494.179349886029,516.747870807558,
Africa Western and Central,GDP per capita (current US$),1965.11575000063,2157.4945836876,2212.91409452372,1894.32211518466,1673.84368096074,1613.4904781425,1704.13569844318,1777.85282247276,1709.76412923861,1774.92121803027
Angola,GDP per capita (current US$),4978.43443525745,5127.71724294327,5094.11232930191,3127.89059784461,1728.02375418026,2313.22058359692,2524.94248263123,2177.79901475964,1631.43169087951,2137.90939339084
Albania,GDP per capita (current US$),4247.63004748194,4413.06200528903,4578.63320812155,3952.80253807527,4124.05538986272,4531.0193737689,5287.66369446913,5396.21586434732,5332.16047456847,6494.38571288581
Andorra,GDP per capita (current US$),38684.5665299216,39538.3552064403,41302.3821426181,35770.9186530024,37474.7458403618,38964.662014361,41793.3188365378,40898.4179063904,37416.6977203275,43047.6862704034
Arab World,GDP per capita (current US$),7479.25408461195,7465.45547070586,7414.31210944321,6359.90057838383,6177.22723547981,6272.94978241754,6635.38139369641,6562.96999763297,5724.28687023385,6412.38920956596
United Arab Emirates,GDP per capita (current US$),40976.4964159714,42412.6364911519,43751.8173110723,38663.388255736,38141.8768898068,40644.7911908818,43839.3244857234,42701.4430454782,36284.5552429552,
Argentina,GDP per capita (current US$),13082.664325572,13080.2547323367,12334.7982453893,13789.060424772,12790.2424732447,14613.041824658,11795.1593866287,10076.3552409481,8585.69474249794,10729.2325777217
Armenia,GDP per capita (current US$),3681.84469060495,3838.17387997786,3986.23162376713,3607.28929855361,3591.82805221639,3914.52785436696,4220.54032079145,4604.64632355695,4266.01807420946,4670.008798001
American Samoa,GDP per capita (current US$),11496.5240977923,11450.7241954879,11525.1563872309,12059.6351646776,12038.2496994923,11003.8297642807,11521.6097798453,11715.3601388487,12844.9009909959,
Antigua and Barbuda,GDP per capita (current US$),13272.7349447294,12910.5906255945,13501.5809223367,14285.3297773091,15198.7429664112,15383.5763979856,16679.5916624545,17376.6496765004,13992.7444804497,14900.7974022154
Australia,GDP per capita (current US$),68027.8417067378,68156.6279162085,62511.6905895284,56707.0220772116,49881.7637140466,53934.2501750463,57180.7794001614,54875.2859563351,51680.3165229438,59934.1294088895
Austria,GDP per capita (current US$),48564.9173350875,50731.1272541847,51786.3771747905,44195.8175947748,45307.5878620429,47429.1584564387,51486.5755014824,50114.4011099728,48588.6593847921,53267.9327491132
Azerbaijan,GDP per capita (current US$),7496.29464768263,7875.75695254288,7891.31314749986,5500.31038244408,3880.73873089556,4147.08971569171,4739.84171028393,4805.75371765917,4229.91064904503,5384.03499804521
Burundi,GDP per capita (current US$),252.362469586451,256.97369793085,274.857836231788,305.511144099475,251.651477227529,250.514600732695,238.034309554717,223.862875707709,233.837510306669,236.795414165095
Belgium,GDP per capita (current US$),44670.5606845101,46757.9518559598,47764.0715120833,41008.296719472,42012.6227191016,44198.4823908691,47549.2080494546,46599.1113350938,45189.3669003126,51767.7885723646
Benin,GDP per capita (current US$),1145.14010479477,1251.20976745379,1291.41018480579,1076.79669785585,1087.28733148547,1136.59387178448,1241.8252980053,1219.51550596905,1291.04097215441,1428.44717671325
Burkina Faso,GDP per capita (current US$),758.000426972403,787.469438309085,792.84623742527,653.32726813947,688.250696258197,734.996267960528,804.500537821516,796.115206827676,857.932729650223,918.15258192146
Bangladesh,GDP per capita (current US$),883.117129615718,981.860851354457,1118.87380783368,1248.45330989613,1678.95323032604,1839.58337801163,1991.48326659412,2154.22681857606,2270.34753479166,2503.04388008424
Bulgaria,GDP per capita (current US$),7432.47876568071,7681.93461995882,7901.78587639382,7074.68102325059,7569.47881476759,8366.29322145748,9446.70077185518,9879.26853313318,10079.2033812203,11634.9710182244
Bahrain,GDP per capita (current US$),23654.3695877495,24744.296958551,24989.437527708,22634.0856475674,22608.4525623673,23742.9373424159,24086.3016866837,23552.3799480773,20406.5023256629,22232.3252265292
"Bahamas, The",GDP per capita (current US$),29485.8642228279,28768.7723675108,30154.7386172007,31699.3586317477,31314.844558283,32371.0081755289,33077.3918342474,33872.3343072665,24665.0968345675,28239.3667142001
Bosnia and Herzegovina,GDP per capita (current US$),4777.06691952937,5129.6635340307,5330.35507751851,4729.69005416208,4994.97162308122,5394.26913970341,6070.35298018619,6119.76235142981,6082.36673041923,6916.43831507661
Belarus,GDP per capita (current US$),6953.13251493684,7998.12523878099,8341.39967861093,5967.05220384914,5039.68188628499,5785.67067254068,6360.06247301284,6837.71782606351,6555.42681826316,7303.69626589884
Belize,GDP per capita (current US$),4530.60480052994,4575.68095648484,4744.10894523227,4805.19685237279,4877.67050593258,4909.60466379916,4927.19422373932,4983.33611435869,3987.79659612067,4420.4913723374
Bermuda,GDP per capita (current US$),98431.8651810241,99471.6388978631,98467.683993982,102005.62564189,106885.878489327,111820.581466347,113050.73688163,116153.166121638,107706.039785266,110869.463103011
Bolivia,GDP per capita (current US$),2609.88056208632,2908.200370948,3081.87882365163,3035.97165495107,3076.65643933721,3351.12434432642,3548.59078021899,3552.06814383653,3137.98961744018,3414.89284856087
Brazil,GDP per capita (current US$),12370.2232548476,12300.3867121004,12112.8349554875,8813.98980647828,8710.06328995352,9928.67589653405,9151.38173161536,8876.05983587779,6814.87563196772,7518.83428432838
Barbados,GDP per capita (current US$),16250.0123292058,16452.1527077588,16488.5257320926,16558.8647849868,16909.8865477179,17404.2074696278,17782.8747318576,18480.0565925601,16318.7481052701,17033.9371863139
Brunei Darussalam,GDP per capita (current US$),47739.5576931563,44740.8594244355,41725.8675220155,31164.0362528468,27158.4056535724,28571.608291419,31628.4762566009,31085.9619255901,27442.95382794,31722.6601371588
Bhutan,GDP per capita (current US$),2538.94951919964,2472.72475320595,2652.22565438023,2752.63017233678,2930.5749227006,3286.59674376682,3243.47743748718,3322.86332883678,3000.77798595652,
Botswana,GDP per capita (current US$),7050.57347186681,7224.91273728564,7495.22086608805,6402.91018338391,6982.91749241303,7296.09214157008,7503.8785883646,7247.42947645351,6348.83231765626,7347.55238231951
Central African Republic,GDP per capita (current US$),565.80120711394,380.29791114378,424.449131659484,377.422917680195,402.191645130502,450.900697005372,475.953813864813,468.117514792315,481.746296629034,511.484745592238
Canada,GDP per capita (current US$),52669.0899632316,52635.1749580433,50955.9983232404,43596.1355365546,42315.6037056806,45129.4292980922,46548.6384108296,46328.6718408497,43258.2638715601,52051.3514647093
Central Europe and the Baltics,GDP per capita (current US$),13020.7438173854,13718.1839991524,14164.074448906,12522.6610570363,12831.4099368112,14254.7381019007,16047.2796999215,16346.5618056396,16197.2993493424,18568.9933848981
Switzerland,GDP per capita (current US$),86547.6708907265,88109.4867524037,89684.7075795936,84776.1421659748,83073.2800824812,83352.0886533412,86388.4049527184,85334.5194620909,87100.4148213751,93457.4403976155
Channel Islands,GDP per capita (current US$),,,,,,,,,,
Chile,GDP per capita (current US$),15354.6184041413,15777.7815089667,14606.9967241905,13495.0106099649,13690.9074621215,14962.5568471791,15772.333484425,14699.4627808048,13220.5707580419,16502.8385709035
China,GDP per capita (current US$),6300.61511825789,7020.33848453658,7636.11660125502,8016.43143498003,8094.36336675194,8816.98690451989,9905.34200389253,10143.8381955595,10408.6697561349,12556.3331200058
Cote d'Ivoire,GDP per capita (current US$),1684.78158626771,1935.94684530882,2156.64588308807,1972.54568305836,2013.38144761651,2111.02655726645,2314.05095836881,2276.3323939018,2325.72370502247,2578.76041204832
Cameroon,GDP per capita (current US$),1403.52291521783,1527.75125667954,1604.21403479187,1382.5097900241,1413.2559568153,1469.44749980724,1585.24053445546,1533.09568807789,1537.13021832773,1661.70210527032
"Congo, Dem. Rep.",GDP per capita (current US$),424.60037381496,457.963747509632,486.787095119436,497.317039077365,471.318822463486,467.07423172679,565.829542895849,596.56057010511,543.950392515803,584.106409215842
"Congo, Rep.",GDP per capita (current US$),3922.86884155231,3884.85068638902,3781.51573466687,2448.52377758887,2051.66617623027,2170.90056268043,2606.61552601515,2369.72944099031,1899.77823742106,2213.88086288172
Colombia,GDP per capita (current US$),8050.2553716705,8218.34784431476,8114.3439208516,6175.87602970258,5870.77795724163,6376.70671552601,6729.58333198168,6418.61578254492,5312.19855554985,6131.22592153117
Comoros,GDP per capita (current US$),1403.36025196698,1505.33729247147,1513.8303792438,1242.58560784999,1273.05095200255,1323.81484301294,1428.29046324322,1404.43318720472,1407.40927043446,1494.68769339899
Cabo Verde,GDP per capita (current US$),3447.48310007387,3616.03556968932,3588.62558418407,3043.03138156811,3131.01759817572,3292.63350335797,3616.46066604314,3603.77524058462,3064.27238842819,3445.75653621
Costa Rica,GDP per capita (current US$),10075.0046155772,10744.0910189401,10847.1696673041,11642.7780517123,12011.2227544174,12225.5744931385,12485.4238961667,12762.1380073688,12201.9260332666,12508.6156275756
Caribbean small states,GDP per capita (current US$),10200.0202818354,10321.2403217316,10402.3136658726,10181.8061569933,9557.66776624239,9915.74468409936,10250.2917323397,10406.6707101531,8857.87092186091,9352.28202838224
Cuba,GDP per capita (current US$),6497.31476421306,6837.71167985881,7133.33767875907,7694.01463710941,8060.79659761513,8541.21368643707,8824.19400843842,9125.8786794952,9477.85287326771,
Curacao,GDP per capita (current US$),19886.6783682132,19762.739621629,19552.660553207,19260.269845345,18881.8306152417,18788.8072839326,18956.0979142963,19024.1772302171,16109.8616665506,
Cayman Islands,GDP per capita (current US$),72777.1478369284,73514.6696504991,74990.4327442868,76284.1942951101,78471.6281355257,81513.1628341398,86180.5396948445,91513.042673381,85346.7619526658,
Cyprus,GDP per capita (current US$),28912.15625,27729.193359375,27163.33203125,23408.3359375,24605.919921875,26608.875,29334.111328125,29206.076171875,27681.56640625,30798.4765625
Czechia,GDP per capita (current US$),19870.8012123403,20133.1691431353,19890.9199056648,17829.6983223668,18575.2320271915,20636.199952435,23419.7356136502,23660.1488068317,22933.4995909236,26378.4999575477
Germany,GDP per capita (current US$),43855.8544658618,46298.9229177341,48023.8699845462,41103.2564363768,42136.1207907991,44652.5891722719,47973.6076235097,46794.8992915603,46252.6893044892,50801.7867105308
Djibouti,GDP per capita (current US$),1559.24065068226,2312.7209484209,2464.29490507649,2652.51322808034,2803.68912494462,2926.15330391496,3038.26973815945,3172.75068492992,3219.70112779347,3363.71204814366
Dominica,GDP per capita (current US$),6849.45593336945,7016.380071478,7317.48614321654,7597.28889409255,8080.96862341186,7298.51457951094,7745.37696325874,8516.28003895161,7003.85902147233,7559.9750390528
Denmark,GDP per capita (current US$),58507.5080517852,61191.1937042028,62548.9847332908,53254.8563700916,54663.9983719195,57610.0981801135,61591.9288698958,59775.7350964515,61063.3164304238,67803.0471046403
Dominican Republic,GDP per capita (current US$),6110.36657603383,6238.13236658362,6608.82550130065,6921.52059432776,7280.88361041225,7609.35327534023,8050.64407623416,8282.11713050921,7268.1969096591,8603.78990518158
Algeria,GDP per capita (current US$),5592.22011465753,5499.58733105334,5493.05669453687,4177.8895415169,3946.45244712537,4109.69821695727,4142.01855842917,3989.66827645236,3306.85820838104,3765.03462494702
East Asia & Pacific (excluding high income),GDP per capita (current US$),5385.22891874283,5891.96502785416,6301.08681366193,6511.25811795966,6600.76419388331,7159.4513800779,7954.76252492483,8177.83799959088,8270.4551375631,9776.49380942516
Early-demographic dividend,GDP per capita (current US$),3390.88813635468,3389.95390993475,3457.59848946627,3244.23703420959,3303.71057489686,3521.38164524567,3509.75422160638,3538.83341305865,3253.71345552774,3739.95779025925
East Asia & Pacific,GDP per capita (current US$),9450.12517513162,9482.16395349482,9707.50684455441,9599.41408175118,9867.86582427854,10466.4242660902,11324.0048838657,11494.0915299335,11483.599313849,13037.4626411209
Europe & Central Asia (excluding high income),GDP per capita (current US$),10235.1186293454,10778.376057206,9921.60940936095,7485.82692616597,7070.96542522388,7889.01689896702,8008.25710825888,8136.75183449526,7435.16074761498,8708.06363752219
Europe & Central Asia,GDP per capita (current US$),25132.530916951,26147.7010456555,26388.2237901521,22624.9153940933,22455.1473575594,23704.3284006749,25297.6798609025,24914.603370603,23981.0220068683,27114.2759902197
Ecuador,GDP per capita (current US$),5682.04610814497,6056.33121253813,6377.09392877257,6124.49088707134,6060.09296156791,6213.50312736888,6295.93466163992,6222.52465327248,5627.77227986528,5934.87549580808
"Egypt, Arab Rep.",GDP per capita (current US$),3229.6856303038,3262.65758647104,3379.55798627058,3562.93265798423,3519.8732398108,2444.29038718448,2537.12518504712,3019.09228346646,3569.20684121108,3876.35959373349
Euro area,GDP per capita (current US$),37595.8770917292,39120.333344785,39912.4423189022,34388.2837816778,35163.4724281499,37154.4819396225,40059.1824769881,39195.7748274703,38012.6672881035,42307.7290448297
Eritrea,GDP per capita (current US$),,,,,,,,,,
Spain,GDP per capita (current US$),28322.8092495057,29067.809460022,29500.7894328615,25742.3688346767,26523.3482221547,28170.1678643302,30364.5799435622,29554.4905170087,27056.4217512166,30115.7058866792
Estonia,GDP per capita (current US$),17403.2053254767,19056.0019226989,20261.0667303886,17402.0376128079,18295.3429322114,20437.765376736,23063.5638175675,23397.8782560944,23054.3584905978,27280.6584396993
Ethiopia,GDP per capita (current US$),467.07787183328,499.531530164228,566.92640288853,640.541923075422,717.124869806118,768.523015429372,771.524866349431,855.760885186903,936.45075756247,943.965684225205
European Union,GDP per capita (current US$),33158.8921437288,34578.0519280536,35286.1173778772,30485.0288067203,31186.5106151623,33094.4083474507,35753.3668481949,35089.2827874493,34191.8282529314,38234.1345970542
Fragile and conflict affected situations,GDP per capita (current US$),2329.57983711507,2359.48032894864,2428.44361702328,1913.6920361632,1762.81002674869,1825.73833177236,1826.83326554318,1905.70041785845,1743.36711268666,1826.39640076957
Finland,GDP per capita (current US$),47708.0612784469,49892.2233632732,50327.2402902632,42801.9081167285,43814.0265056965,46412.1364777169,49988.9108461845,48628.641762105,49160.8371522596,53982.6142735261
Fiji,GDP per capita (current US$),4591.57701506207,4840.72726987242,5605.60914844185,5390.71420703085,5651.27272132772,6101.02388950081,6317.41372301725,6175.8906526556,5102.84392924983,5085.97164195861
France,GDP per capita (current US$),40872.3624615688,42605.0443782179,43068.5487241739,36652.9223052178,37062.5335723829,38781.0494870836,41592.795896432,40578.6442850534,39037.1226309074,43518.5385130851
Faroe Islands,GDP per capita (current US$),50464.6586679884,55892.2870235945,60484.3407300749,53310.2620055228,58224.8055136926,61455.0526069484,65572.6075305846,67153.6819379166,66320.6791976778,
"Micronesia, Fed. Sts.",GDP per capita (current US$),3131.38671463839,2994.79239440343,2971.51260191356,2906.61701228808,3014.70035839042,3289.64211697365,3568.291015625,3624.24909158279,3542.96978797168,3476.6508946194
Gabon,GDP per capita (current US$),9813.50574650818,9683.58161951252,9663.42411002585,7384.70070393071,6984.41971208387,7230.43491161979,7959.00726736376,7766.99655422948,6881.71422533521,8016.99049546905
United Kingdom,GDP per capita (current US$),42686.8000524926,43713.8141242308,47787.2412984884,45404.5677734722,41499.5557033073,40857.7555829627,43646.9519711493,43070.4983595888,41098.0786527828,47334.3553149875
Georgia,GDP per capita (current US$),4421.81824228013,4623.74572473419,4739.18833846421,4014.18594419329,4062.16988757379,4357.00093554628,4722.0424231414,4696.15058555612,4255.74299321254,5042.38552777387
Ghana,GDP per capita (current US$),1587.56093185809,2361.09032388366,2012.26424719728,1774.07477092508,1971.95693464599,2074.29073272269,2260.86056729337,2246.62557816432,2254.15388897604,2445.29074932761
Gibraltar,GDP per capita (current US$),,,,,,,,,,
Guinea,GDP per capita (current US$),717.050535937992,769.003166697833,787.238564407157,769.255475432822,732.291511901662,855.575270552124,955.111281136711,1052.58809075877,1078.95000622281,1174.35297194486
"Gambia, The",GDP per capita (current US$),742.777628631243,700.516042152833,607.429904651813,660.723571244322,690.780493152792,679.75507172296,732.720727318856,772.505588308894,757.413111611389,835.594421389388
Guinea-Bissau,GDP per capita (current US$),616.37566403413,634.662039138969,623.313091387687,603.399381547733,661.457838679603,738.549944890782,802.767385116156,749.453747028806,727.520171719562,812.962373003605
Equatorial Guinea,GDP per capita (current US$),21711.1532298542,20390.7382585315,19394.0818360782,11283.3980158847,9250.31672846641,9667.8569615799,10005.6160423267,8380.74112238766,7198.33588370688,8462.28632962077
Greece,GDP per capita (current US$),21912.9982879517,21787.7877636035,21616.7100094908,18083.8779056547,17923.9668134716,18582.0893411631,19756.990456255,19133.7577636254,17647.2326882744,20276.5446744075
Grenada,GDP per capita (current US$),7444.08907474276,7789.63235505594,8370.04047206067,9096.53865246322,9628.2591689029,10152.8328118872,10466.8822111958,10834.495680302,9273.19929177393,9928.62173326713
Greenland,GDP per capita (current US$),45936.7659516989,47535.5899453685,50484.9275739023,44536.4013080999,48181.874188064,50766.5994182748,54545.2999786248,53256.2440862119,54570.3750190141,
Guatemala,GDP per capita (current US$),3355.03691881272,3522.77370621475,3779.64233613025,3994.63691288475,4173.30166619474,4454.04814983548,4478.42464550944,4638.63494319511,4603.33964340645,5025.57557261451
Guam,GDP per capita (current US$),32908.3067691731,33656.4535735436,34843.2055749129,35829.2503598989,36214.0069224538,36601.9198811792,36556.6749110213,38040.5869870588,34624.3401290414,
Guyana,GDP per capita (current US$),5378.81087848265,5489.14072551384,5407.14736611728,5576.82585151355,5811.39792362577,6124.95366998759,6145.81927664377,6609.51127954588,6955.93921717789,9374.80456982258
High income,GDP per capita (current US$),41524.8892400313,41805.7511152502,42455.8235365012,39847.261775534,40475.1774636493,42118.2044042732,44571.4335819118,44774.7750215677,43282.4234611717,47886.7845890595
"Hong Kong SAR, China",GDP per capita (current US$),36730.8767001128,38403.7777145477,40315.2855640552,42431.8882817277,43733.9163612828,46160.429791493,48537.5668888343,48356.0635043614,46100.975872923,49660.6342382386
Honduras,GDP per capita (current US$),2144.34236301027,2102.59244935157,2206.05439745471,2302.20441093316,2342.58490388004,2453.72711527978,2510.32294304191,2574.35675105143,2405.73284775141,2831.03302075308
Heavily indebted poor countries (HIPC),GDP per capita (current US$),916.195272299863,991.374996400154,1024.1892218116,965.769550101732,987.109310279769,1065.40860994757,987.173904512955,994.898280933316,975.474261768968,1057.91924158093
Croatia,GDP per capita (current US$),13401.6566203283,13837.7316376587,13762.3728630599,11933.3773788281,12527.7398569824,13629.289592247,15227.5600968096,15311.766903695,14132.4865609499,17398.7659768108
Haiti,GDP per capita (current US$),1337.33594561281,1432.83761766692,1435.13647023104,1386.85419078846,1290.38050812318,1369.06373395137,1479.3458268885,1312.77063606676,1272.36799204205,1814.67404841047
Hungary,GDP per capita (current US$),12989.1802815896,13719.9505393621,14298.833667395,12720.7120220668,13107.3779137744,14623.6966492311,16427.3727611478,16735.6597794761,16075.9732662505,18772.6732920667
IBRD only,GDP per capita (current US$),5594.61308923904,5844.71035423873,5980.85338732097,5547.67960198438,5540.16796609574,6058.91463299985,6387.74881862417,6473.78255095794,6176.40377048976,7241.95836327065
IDA & IBRD total,GDP per capita (current US$),4552.29184868827,4751.11699123769,4859.13548899751,4509.58986774247,4493.83652107018,4879.04293230576,5110.91127118716,5168.83751705254,4925.38124212598,5720.3239225624
IDA total,GDP per capita (current US$),1254.82705273956,1332.40037785955,1394.91775490272,1342.99940360811,1342.91377823538,1372.98815858228,1369.26045742413,1399.11567047963,1365.04784292945,1456.41270360233
IDA blend,GDP per capita (current US$),1882.6813018219,1997.46802075499,2093.79219462736,1972.14715286671,1861.94037831463,1787.80159170663,1835.3218066323,1852.21911592021,1740.60380824477,1857.42256209636
Indonesia,GDP per capita (current US$),3694.35933980214,3623.92724054274,3491.63749125449,3331.69511469189,3562.81633352183,3837.57802362633,3893.85957814877,4135.23334351202,3870.55761979249,4291.81255449121
IDA only,GDP per capita (current US$),938.739035303678,997.036903720709,1041.97787322696,1024.88610468594,1080.25862161926,1162.97182890088,1133.25964074892,1169.69952976992,1175.58660508453,1254.26784612554
Isle of Man,GDP per capita (current US$),79148.3322507324,83357.1326843437,92334.6463139171,85126.9704694293,82197.12677026,83477.834285154,89112.6677158571,86481.5525905339,,
India,GDP per capita (current US$),1443.88243476138,1449.61045069641,1573.88564182956,1605.60544457087,1732.55424231659,1980.66701982802,1998.25907627675,2072.24489735041,1933.1010689481,2277.43434674354
Not classified,GDP per capita (current US$),,,,,,,,,,
Ireland,GDP per capita (current US$),49026.0230672702,51533.0345651701,55599.850799684,62012.4849258149,62861.6391157902,69774.0289724953,79107.6049934367,80886.6157387104,85422.5428682266,99152.1025718236
"Iran, Islamic Rep.",GDP per capita (current US$),8525.76813627627,6443.02978533072,5943.04810717544,5200.68078673413,5755.8024476492,6032.06512674358,4046.34186351162,3514.0421682578,2756.74997687567,
Iraq,GDP per capita (current US$),6836.07399513338,7076.55226525188,6637.68437454551,4688.31801743466,4550.65863784829,4985.45287942996,5915.85085369644,5943.45845510233,4583.7474936713,5048.38781272046
Iceland,GDP per capita (current US$),45995.5478789467,49804.9829978371,54576.7448146565,52951.6815110898,61987.9263620283,72010.1490316258,74469.8040591559,68941.4622272394,59264.0340913145,68383.7653362902
Israel,GDP per capita (current US$),32667.6068723254,36499.4561082284,37847.6499432106,35808.4364289727,37330.261796968,40774.1296073227,42063.4531274811,43951.2477305677,44177.5712248445,51430.0796810561
Italy,GDP per capita (current US$),35051.5212697703,35560.0814062288,35565.7213771496,30242.3861352184,30960.7315088902,32406.7203150134,34622.1696664741,33673.4754474483,31834.9726184046,35551.2849900071
Jamaica,GDP per capita (current US$),5209.85926362567,4989.73408891012,4834.28400949801,4907.927415189,4843.74989999401,5070.0995030616,5359.99378939638,5369.4983713849,4664.53024222133,4586.65050896194
Jordan,GDP per capita (current US$),3910.34689406377,4044.42686891185,4131.44735046027,4164.10876894014,4175.35660192301,4231.51827999134,4308.1510738997,4405.48710929391,4282.76582461621,4405.8394238352
Japan,GDP per capita (current US$),49145.2804308193,40898.6478964744,38475.3952461838,34960.6393843385,39375.4731620781,38834.0529341227,39727.1165995928,40458.0018755824,39918.1675583443,39285.1631062756
Kazakhstan,GDP per capita (current US$),12386.6992652963,13890.6309562926,12807.2606866152,10510.7718884149,7714.84184376024,9247.58133129626,9812.62637077396,9812.5958082732,9121.63713797145,10041.4898386047
Kenya,GDP per capita (current US$),1271.8153829134,1354.8208334252,1462.22005213295,1464.55400904329,1525.23519224992,1633.49121639293,1794.0911754468,1909.30453654793,1872.12402649219,2006.8322400859
Kyrgyz Republic,GDP per capita (current US$),1177.97473487848,1282.43716202467,1279.76978265986,1121.08283510739,1120.66651300848,1242.76964282023,1308.14016549619,1374.03210467421,1182.52170043018,1276.24264327528
Cambodia,GDP per capita (current US$),950.880345993697,1013.42053550135,1093.49597573908,1162.90499489402,1269.59149895246,1385.26006616114,1512.12698889384,1643.12138876539,1547.51138764424,1590.95665957308
Kiribati,GDP per capita (current US$),1782.92495092646,1710.59293651984,1625.99130015561,1535.16278257963,1586.3449782671,1648.59495664448,1693.95015468902,1512.95276955828,1514.59105909467,
St. Kitts and Nevis,GDP per capita (current US$),16564.0550435964,17393.4272652879,18789.6345021562,18717.4287599059,19542.16227888,20382.7798703462,20567.2582647868,22047.8830270631,18440.8536789158,18230.1323472653
"Korea, Rep.",GDP per capita (current US$),25466.7605170594,27182.7343101936,29249.5752209742,28732.2310762599,29288.8704389833,31616.8434004683,33436.9230646064,31902.4169048194,31597.5046490718,34757.7200705078
Kuwait,GDP per capita (current US$),51979.1206895335,49388.0533799687,44062.3409134598,29869.552753237,27653.1576200281,29759.4674745278,33399.060475851,32373.2511149607,24811.7697100231,
Latin America & Caribbean (excluding high income),GDP per capita (current US$),9667.27149717744,9815.81625259387,9755.44855665976,8203.00386382518,7885.57462995346,8699.47568592879,8357.12470404998,8165.36056490621,6765.53277629677,7727.16117181435
Lao PDR,GDP per capita (current US$),1581.62871010675,1831.93691581168,1999.95820314913,2140.04432280044,2324.40091700425,2455.21155944893,2569.09389217251,2613.94442676868,2608.98283307549,2551.32608148502
Lebanon,GDP per capita (current US$),7948.68544895115,7928.28957010489,7681.65794445012,7643.00871833192,7617.68963406958,7776.03464216395,8003.82761247354,7527.44305969499,3801.79274268223,2670.44195648525
Liberia,GDP per capita (current US$),675.010191838695,747.868660136896,739.91193501652,721.581050523128,740.914906030102,721.085044013216,710.265998419581,672.340499220841,601.063005802862,673.089067079932
Libya,GDP per capita (current US$),14721.8692372542,11921.9082821252,9017.93368003086,7590.44298074577,7687.88213392283,10205.3248315701,11482.1336356202,10218.0430276718,7614.32544908885,6018.44520748105
St. Lucia,GDP per capita (current US$),9086.38795485966,9378.98504684792,9843.30853424047,10093.6180163617,10362.351576586,11034.6298291881,11353.7152287809,11591.0804351768,8804.56108865238,9570.99545736375
Latin America & Caribbean,GDP per capita (current US$),10198.3620274421,10338.4246094191,10431.7126226062,8629.00960471388,8350.02062476509,9188.57968317497,8902.39915241187,8699.46071747298,7270.70358438419,8340.3896002879
Least developed countries: UN classification,GDP per capita (current US$),955.345031911494,1017.03363742845,1067.95198501245,1009.42456360179,1025.99897943404,1119.43381110978,1077.49334233358,1105.71706494846,1099.20156053236,1176.97761667496
Low income,GDP per capita (current US$),788.195782278989,789.200761994007,821.336181323024,791.710026392794,764.704885382735,834.490881739881,699.411435185585,720.474279044071,703.733845480583,749.761380371283
Liechtenstein,GDP per capita (current US$),149010.224898665,173030.208279363,178864.851913785,167313.266280449,165642.386275555,171253.964253797,176499.402554134,169049.156850326,,
Sri Lanka,GDP per capita (current US$),3350.52187589289,3610.28936304898,3819.25352972265,3843.78067184442,3886.29150165239,4077.04384087488,4059.20822984654,3848.21237640698,3694.0409479198,3814.71521902039
Lower middle income,GDP per capita (current US$),2138.96515283971,2141.51831890159,2191.98587225912,2109.33450010224,2193.47120765322,2322.90688323402,2335.30312516721,2411.33492174599,2285.71110749433,2581.85719450806
Low & middle income,GDP per capita (current US$),4375.13354981074,4570.56379076939,4661.974204027,4366.05109904441,4349.1472757469,4718.39202030595,4933.69796934306,4993.61938118882,4759.77608177317,5530.43855319337
Lesotho,GDP per capita (current US$),1229.63623247423,1166.9117557183,1194.5756269342,1146.06468787308,1018.78487240325,1102.62972842217,1192.4843195181,1153.38805839164,1050.63163365737,1166.46166656205
Late-demographic dividend,GDP per capita (current US$),7984.73457702361,8544.0761741692,8810.52069614056,8208.05187328733,8179.07087380614,9018.16102880804,9832.14137916349,9974.50591546198,9699.0893745314,11452.8204130159
Lithuania,GDP per capita (current US$),14367.709424872,15729.6524666512,16551.018202078,14263.9645773495,15008.3132445526,16885.4073948373,19186.1812814178,19575.768481407,20232.3020358588,23433.3909073769
Luxembourg,GDP per capita (current US$),112584.676270958,120000.140729859,123678.702143275,105462.012584423,106899.293549552,110193.213797228,117254.740352682,113218.713349678,116356.158037286,135682.794274648
Latvia,GDP per capita (current US$),13847.3379393194,15007.4918561719,15742.3913381908,13786.4567953114,14331.7515885049,15695.1151541059,17865.0310947642,17926.841589919,17703.9534432332,20642.1679221253
"Macao SAR, China",GDP per capita (current US$),76572.1517871286,89260.7571041005,93022.8751422537,74818.948126372,73545.758237307,81019.4737666593,87526.0799912635,86197.3656943949,39403.1359073362,45421.6266348569
St. Martin (French part),GDP per capita (current US$),,,21459.319127858,,,,,,,
Morocco,GDP per capita (current US$),2912.658203125,3121.68017578125,3171.69921875,2875.25805664063,2896.72216796875,3035.45434570313,3226.98291015625,3235.00073242188,3058.69165039063,3496.75830078125
Monaco,GDP per capita (current US$),157520.219426533,177673.74536842,189432.370013147,165989.505113832,170028.655717864,167517.059727856,185978.609251356,189487.14712838,173688.189360292,
Moldova,GDP per capita (current US$),3045.73061215068,3322.04998035759,3328.79433016779,2732.46072997894,2880.43528952658,3509.68682892959,4230.62696856829,4492.10574015947,4525.75965363511,5314.53146055569
Madagascar,GDP per capita (current US$),518.152812673554,541.065943700616,530.861038866614,467.235431614314,475.955556826436,515.29332337359,518.401122965872,526.224572187601,477.613041384398,514.905861752454
Maldives,GDP per capita (current US$),7265.72339947372,7928.47644265061,8499.30714783649,9033.41027034576,9209.44356385479,9577.34694587865,10279.0799751619,10561.6135113508,6924.10574465625,8994.6413517504
Middle East & North Africa,GDP per capita (current US$),8992.17169440284,8666.91024022152,8540.73720649928,7375.4647556023,7307.44845653141,7469.54983375371,7704.42076926474,7587.35559592308,6688.08727950427,7696.86848007217
Mexico,GDP per capita (current US$),10241.727828043,10725.1835873796,10928.9160089988,9616.64555810607,8744.51555912786,9287.84958732302,9686.98492655586,9950.2176218348,8431.66501744762,9926.42276755436
Marshall Islands,GDP per capita (current US$),3181.62470023981,3246.63024959163,3185.26135389889,3199.88684631989,3490.99838885713,3672.57678328424,3793.55098267479,4073.10982973584,4129.850998412,4170.98191821262
Middle income,GDP per capita (current US$),4750.53774365643,4971.54430517873,5074.93248366245,4755.93561006956,4745.70858008481,5154.43109972778,5415.61100632926,5487.84405800544,5237.02247349621,6102.00086882533
North Macedonia,GDP per capita (current US$),4728.30814189843,5241.05834548355,5495.73504918897,4861.55397141497,5149.58907435906,5450.4928808666,6108.74010831698,6070.38805358275,5846.46589856854,6720.89628528501
Mali,GDP per capita (current US$),778.625210866217,805.033940730156,848.278991630744,751.472889186889,780.723549683428,830.021444463375,894.804843529365,879.043167526284,862.453012011092,917.913063250557
Malta,GDP per capita (current US$),22527.6367563271,24771.0765781929,26754.2684451944,24921.6036820869,25624.5372738289,28857.0198686735,31573.1165594518,31185.6496235309,28946.4626770412,33257.4220345104
Myanmar,GDP per capita (current US$),1134.30222376609,1168.16545347384,1210.09765357091,1196.74333308526,1136.61062698511,1151.11446415483,1250.17368502539,1271.11153579726,1450.66267347182,1187.23848416853
Middle East & North Africa (excluding high income),GDP per capita (current US$),5092.95554413995,4601.10314035132,4452.59396420929,3931.55627842464,3962.89879090517,3864.14867651385,3604.9257626831,3574.16267374159,3190.32509710122,3612.2455326111
Montenegro,GDP per capita (current US$),6586.7212793222,7188.86244459584,7387.87103632234,6517.18961381857,7033.43800629478,7803.36257940844,8850.37840418667,8909.89015110329,7694.6337585059,9367.01688364836
Mongolia,GDP per capita (current US$),4351.88846071215,4366.08953699572,4158.52147149753,3875.32167504717,3658.39030030916,3687.10000337811,4156.8469697802,4404.84583020208,4060.95051770038,4534.91858863581
Northern Mariana Islands,GDP per capita (current US$),13736.9719736309,14091.1911802285,15044.9358962767,16314.3835493645,21891.1847936355,27584.7435149329,22886.6740494647,20659.6402915421,,
Mozambique,GDP per capita (current US$),657.645036275496,664.077265653931,673.969476342085,589.85943137707,428.926450298579,461.41492784394,503.302009186097,506.817139131225,448.843891366822,500.444808525879
Mauritania,GDP per capita (current US$),1815.21893947923,1892.09609782498,1677.10901942794,1524.07331727933,1536.85561480047,1587.85890418774,1669.77347632717,1743.30131716071,1702.48695898248,1723.01386575365
Mauritius,GDP per capita (current US$),9291.22761861899,9637.00265000958,10153.9382184867,9260.44730250635,9681.61856689674,10484.9083620411,11208.3438184474,11097.168977137,8632.75285872458,8812.10824897507
Malawi,GDP per capita (current US$),391.561705197224,348.429873679261,371.269521706741,380.596987683774,315.777987100071,506.137294436399,544.593459253286,591.847083709889,636.286309590051,642.656915782777
Malaysia,GDP per capita (current US$),10817.4317100783,10970.1042996033,11319.0619448482,9955.24272167626,9817.78709031009,10259.3048064811,11380.079220974,11432.8260346567,10412.3476677499,11371.099019281
North America,GDP per capita (current US$),51881.1708863839,53234.150098465,54714.4709286191,55452.4213839576,56312.4348848537,58430.1985958821,61158.5635590912,63175.7401302278,61000.8552589461,67514.0231158812
Namibia,GDP per capita (current US$),5942.29273974027,5392.09493825634,5469.90140003637,4896.61526001377,4546.98668754958,5367.11467444788,5588.39286411942,5028.29534239511,4157.01950619148,4729.27093735257
New Caledonia,GDP per capita (current US$),37294.027263924,38503.2630599829,39675.5819387796,32520.3045654611,32391.2019667461,33976.5485264387,36382.4955335221,34788.5403146811,34694.5504017028,
Niger,GDP per capita (current US$),529.744458141694,552.569138963417,564.596748802018,484.153137350801,500.214911266535,517.771572271371,570.723921953592,554.099389259855,567.669892261611,594.925108871258
Nigeria,GDP per capita (current US$),2723.82219093859,2961.54942175947,3098.98579063938,2687.48005643212,2176.00277201515,1968.56539847444,2027.77854863842,2229.8586518613,2097.09247289022,2085.03076477936
Nicaragua,GDP per capita (current US$),1760.46030828841,1811.63680270363,1934.06292227225,2049.8516660809,2107.5740596602,2159.16192554656,2014.57518879047,1924.4718155705,1900.04359427589,2090.75346113141
Netherlands,GDP per capita (current US$),50070.1416045904,52198.8975607454,52900.537415323,45193.4032187971,46039.1059284098,48675.2223350213,53044.5324352253,52476.2732533327,52396.0322099525,58061.0016679359
Norway,GDP per capita (current US$),101524.141851985,102913.450843674,97019.1827527462,74355.5158575643,70460.5605323322,75496.7540581998,82267.809316159,75719.7528965342,67329.6777910967,89202.7505381438
Nepal,GDP per capita (current US$),804.141607295945,823.359874611415,844.853124854118,901.74960773293,899.523581025867,1048.45375534732,1178.52595698425,1194.95723579184,1147.47197125836,1222.87879372246
Nauru,GDP per capita (current US$),9562.66786551324,9648.49565479998,10171.4807258872,8341.01227776155,9521.04210071383,10339.385479551,11614.665076832,11029.7355824213,10580.2681883905,12252.2668014906
New Zealand,GDP per capita (current US$),39973.3807587223,42976.6495882584,44572.8987536626,38630.7265886928,40058.1961621466,42924.9955958449,43250.440973659,42865.233643554,41596.5055023403,48801.6851279674
OECD members,GDP per capita (current US$),37217.7086586364,37477.6790244262,37993.0536793504,35590.7317238657,36037.7677168791,37377.5701846813,39306.7924048156,39478.3119684814,38116.4222248183,42098.6459702322
Oman,GDP per capita (current US$),24988.0125855934,23888.6265839112,23017.9339840457,18444.9270020773,16772.7392134801,17329.1854626719,18947.3664959773,17700.7034900714,14485.3861157973,16439.2964488787
Other small states,GDP per capita (current US$),15212.7384826814,15553.0027386444,15733.9480881852,12780.7263866463,12385.4333120769,13215.4297432555,14368.9269681098,13799.2955301837,11792.0664241862,13776.7558466645
Pakistan,GDP per capita (current US$),1198.11763704007,1208.91771020458,1251.17571867949,1356.66783065763,1540.18450311546,1631.53190936041,1678.04315020006,1481.81386417347,1359.51452156874,1537.93641065523
Panama,GDP per capita (current US$),10722.2614758522,11889.0950650602,12796.0740376761,13630.3011472878,14343.9802550016,15146.4085104476,15544.9990758626,15774.2549523836,12509.8352912602,14516.45804724
Peru,GDP per capita (current US$),6528.9717753128,6756.75299620034,6672.8773725884,6229.10067398112,6204.9964574796,6710.50760214164,6958.49726229132,7023.07752627143,6117.49357129272,6692.24837450351
Philippines,GDP per capita (current US$),2694.30510934442,2871.42970135775,2959.64543521349,3001.04318170863,3073.65468571489,3123.24564174356,3252.11027410706,3485.34084390091,3301.21860257673,3548.82832258057
Palau,GDP per capita (current US$),12044.1054720726,12561.3361358859,13711.7617021277,15876.4619303708,16835.9860029349,16019.9898927509,15895.2598961532,15232.4870840509,14243.8646915764,
Papua New Guinea,GDP per capita (current US$),2790.67630344488,2729.8887512111,2920.78298571159,2679.34657921324,2509.62963689931,2695.24900855956,2801.37139302915,2820.30639749593,2757.01101864579,2916.35734883159
Poland,GDP per capita (current US$),13097.2708482174,13696.4663046143,14271.3058536202,12578.4954734362,12447.4395912808,13864.6817579973,15468.4822194105,15732.2031311754,15742.4537256368,17840.9210506674
Pre-demographic dividend,GDP per capita (current US$),1713.457216015,1822.84052050086,1861.650950308,1563.73118435679,1396.06129643286,1446.5071960353,1438.52951623925,1474.82382199805,1349.15316019379,1437.2085016565
Puerto Rico,GDP per capita (current US$),27944.7338937424,28513.1657351067,28981.4573305866,29763.4883013861,30627.1634017011,31108.7605697675,31604.7015144578,32850.5486123592,31429.8661176558,
"Korea, Dem. People's Rep.",GDP per capita (current US$),,,,,,,,,,
Portugal,GDP per capita (current US$),20563.7136012629,21653.1959752225,22103.7009703321,19250.1065376852,19991.9724878805,21490.429863104,23562.5545228191,23330.817288932,22194.566114935,24262.1809352574
Paraguay,GDP per capita (current US$),5185.14154871279,5936.97595902248,6118.31811031962,5413.77602061858,5324.60906777777,5678.8699722,5782.78454981286,5383.57442150776,4967.68721171529,5400.10382635384
West Bank and Gaza,GDP per capita (current US$),3067.43872735614,3315.29753909282,3352.11259506043,3272.15432360708,3527.61382413178,3620.36048715937,3562.33094270256,3656.85827137011,3233.56863835858,3663.96905468875
Pacific island small states,GDP per capita (current US$),3609.41412396295,3702.43142627227,3970.59544311098,3832.55118119596,3965.89517883793,4222.55737533502,4340.56470402293,4271.58376628044,3785.50340580673,3798.75277714128
Post-demographic dividend,GDP per capita (current US$),42308.7032896047,42546.6783155699,43196.8533125083,40669.0420759149,41401.3778666421,42995.8593515014,45413.5509179499,45728.10122651,44330.3116982257,48916.1765681417
French Polynesia,GDP per capita (current US$),,,,19500.1008550573,20020.0938634051,21127.0643295323,22094.7574631942,21512.2732970947,20182.5845029164,
Qatar,GDP per capita (current US$),85075.9865369665,85050.6843463442,83858.3404554095,63039.1126261242,57162.9680076257,59124.8672675489,65907.9484330735,62087.9741348946,50124.3859361728,61275.9982687563
Romania,GDP per capita (current US$),8507.10477456436,9547.85215096612,10043.6774497614,8969.14892146193,9548.58740298268,10807.0091671993,12398.9819787666,12899.3461112897,12956.5662477568,14861.9091737933
Russian Federation,GDP per capita (current US$),15420.875,15974.64453125,14095.6484375,9313.013671875,8704.8984375,10720.3330078125,11287.3603515625,11536.2509765625,10161.982421875,12172.78515625
Rwanda,GDP per capita (current US$),725.20495213212,722.929086839793,742.966243370171,751.110505478611,744.794385790975,772.294884583004,783.812790116076,820.177239282094,786.301814784707,833.829875672994
South Asia,GDP per capita (current US$),1366.05942528235,1383.31690853857,1496.01499570479,1543.04813072167,1696.73962856355,1911.32975360518,1944.00663468586,1987.5683404338,1875.44139149022,2176.77667126391
Saudi Arabia,GDP per capita (current US$),25243.6019978478,24845.124663596,24464.2125566118,20627.9217793895,19878.7681693177,20802.4617855102,24228.8390391665,23450.5620241541,20203.6688777651,23585.8856300817
Sudan,GDP per capita (current US$),1746.03198242188,1781.01025390625,2022.72424316406,2184.54223632813,2583.447265625,3178.31420898438,773.507080078125,755.328979492188,615.462097167969,764.341003417969
Senegal,GDP per capita (current US$),1317.77980180538,1372.66577931902,1396.65733855586,1219.24941513302,1269.90329385985,1361.70197218375,1458.08158374002,1435.83036653076,1462.80816888438,1606.47206087311
Singapore,GDP per capita (current US$),55546.4885386921,56967.4257940383,57562.5307937678,55646.6187469505,56860.4132375207,61150.7271966595,66859.3383447804,65831.1894308765,60729.4503486794,72794.0030226738
Solomon Islands,GDP per capita (current US$),2141.91404113885,2248.72759351184,2274.96625122036,2167.15539406206,2225.47520383444,2332.89855519863,2411.89790433612,2344.04897615315,2250.6011638607,2336.96813417731
Sierra Leone,GDP per capita (current US$),566.378235059355,716.835826906915,714.699795733977,588.228862794816,501.415165523953,496.682294873131,533.991533265984,521.754836722241,509.376593987322,515.932091834125
El Salvador,GDP per capita (current US$),3428.40933246681,3509.52653622458,3589.04288461991,3705.57970353453,3805.99568574434,3910.25440332717,4052.62477533742,4167.73093878563,3798.63652082321,4408.52036511467
San Marino,GDP per capita (current US$),49988.4636311454,51570.9839547083,50817.3308247802,42662.9024081737,43828.2315473835,45399.0289841537,48996.5929877,47727.1348939463,45515.7576957013,
Somalia,GDP per capita (current US$),,350.168161787649,374.114780718262,386.437816984867,389.822061534191,384.463401435243,389.83139549816,419.39480767899,438.255165584868,445.779016473609
Serbia,GDP per capita (current US$),6015.94522756969,6755.07367461629,6600.05680854589,5588.98072768556,5765.20076202711,6292.54362926707,7252.40185773992,7417.20364852201,7730.69174637698,9214.99354640982
Sub-Saharan Africa (excluding high income),GDP per capita (current US$),1851.8651283776,1912.51133731048,1927.28388723456,1691.41056609812,1536.92933133768,1621.6323409707,1605.49002331914,1617.54193226682,1500.85264844909,1644.48036161356
South Sudan,GDP per capita (current US$),1179.73971108066,1779.47036531513,1322.82036383331,1119.65143716565,,,,,,
Sub-Saharan Africa,GDP per capita (current US$),1852.84089188473,1913.7372257658,1928.53420210314,1692.67429410075,1538.24441673708,1622.98261366666,1606.86341924427,1618.92077064802,1501.77942150021,1645.47294380133
Small states,GDP per capita (current US$),13523.4185104634,13820.5634385582,14001.869338776,11746.8396782772,11348.5705678822,12064.6404914849,13015.085851986,12615.1325542735,10787.6687294932,12394.9259087059
Sao Tome and Principe,GDP per capita (current US$),1330.62011395181,1564.768547927,1770.46768807179,1584.77565743788,1700.09799666364,1813.80743359704,1953.5132573676,1987.57970166818,2157.84044569668,2449.33344243627
Suriname,GDP per capita (current US$),9200.97478600343,9402.1644191114,9471.92200052426,9168.23715664009,5872.78942866166,6295.56056173578,6938.08698147294,6853.69341077988,4916.60566637918,4836.33263325566
Slovak Republic,GDP per capita (current US$),17429.829750132,18208.4175936578,18655.7901089421,16342.2162621093,16512.2929859005,17538.048584386,19389.9821594449,19303.5456581383,19266.5135736247,21087.8461010057
Slovenia,GDP per capita (current US$),22641.805122503,23503.2824850255,24247.1733184083,20890.1664304173,21678.3594670629,23514.0254604147,26116.8563558793,25942.9547741436,25489.5002284083,29200.8198783863
Sweden,GDP per capita (current US$),58037.8213192173,61126.9431963979,60020.3604576572,51545.4836095322,51965.1571531985,53791.5087298403,54589.0603860606,51939.4297445291,52300.2061994993,60238.9865644922
Eswatini,GDP per capita (current US$),4527.56503878653,4230.17126641521,4039.15934079483,3680.34947283775,3425.53195692846,3914.41848379603,4107.09443109307,3889.85122575483,3434.72179830295,4214.86168781553
Sint Maarten (Dutch part),GDP per capita (current US$),28460.3326151186,27942.8805401415,33043.6883812669,32274.8905524359,31616.6816992667,29369.0568278169,28988.2592085877,,,
Seychelles,GDP per capita (current US$),11998.4198749712,14764.9188581459,15188.1890475154,15157.5018256876,15740.1106283102,16416.726074108,16910.6679212598,17252.0207802609,12193.8868736001,13306.7256006838
Syrian Arab Republic,GDP per capita (current US$),2158.52535064018,1151.90159664863,1179.85829624169,979.144438708991,713.02920396002,955.836559044092,1265.60619039693,,,
Turks and Caicos Islands,GDP per capita (current US$),21345.0259782194,21715.3139665448,23778.5191258375,26183.8850440535,28241.479293178,27545.1287854295,29553.1366979053,31350.8666282662,23879.9266491038,24047.0547086116
Chad,GDP per capita (current US$),967.352948812122,979.811742616759,1020.28797948927,776.019752284262,693.449767448537,665.948884859102,726.151007088549,709.54004317463,652.349209585738,696.422775532126
East Asia & Pacific (IDA & IBRD countries),GDP per capita (current US$),5445.92506974354,5958.15919298037,6371.66041931644,6583.95345551637,6674.25557796987,7238.96996206028,8042.94835173201,8268.3757181668,8361.93814697081,9884.67891392745
Europe & Central Asia (IDA & IBRD countries),GDP per capita (current US$),10432.4712132893,11000.6591158592,10330.8050493611,8019.8978816306,7677.40660561137,8562.5336453887,8876.1572505674,9026.08064607303,8406.89091077412,9782.54196718571
Togo,GDP per capita (current US$),571.806723944167,621.398853574683,640.934219628827,570.909967175308,803.1518934041,830.745276651438,901.523016898937,893.352454121675,914.950792453214,992.328429362491
Thailand,GDP per capita (current US$),5860.58147053475,6168.26135569944,5951.88348654008,5840.05306687798,5993.30551610045,6593.81835157138,7298.94714621349,7814.38443127242,7158.76668372256,7233.38885835752
Tajikistan,GDP per capita (current US$),969.296103880894,1048.22560182624,1104.17235837941,978.404981180605,807.10258610434,848.672379903239,853.218873401321,890.544402355733,852.830987774963,897.087901986119
Turkmenistan,GDP per capita (current US$),6675.17805486958,7304.28577118881,7962.24492480061,6432.68532538494,6387.68257527254,6587.09260439788,6967.37504258806,7612.03518009452,,
Latin America & the Caribbean (IDA & IBRD countries),GDP per capita (current US$),10124.0375657864,10260.5058156794,10349.1233949743,8480.62583140115,8185.14751947639,9037.78117080009,8740.51523365837,8519.25442463844,7062.47559044946,8100.57287507256
Timor-Leste,GDP per capita (current US$),1024.1725080803,1210.03565458064,1232.45033563734,1332.79185551378,1353.75493422806,1299.49463507231,1249.13835051953,1583.71357646622,1442.73073825015,1457.82512795863
Middle East & North Africa (IDA & IBRD countries),GDP per capita (current US$),5116.59518402617,4616.20005048588,4465.58777681331,3939.38409115992,3968.09361972024,3867.06706037686,3605.44010358655,3573.15570230824,3189.79540382642,3611.60101144752
Tonga,GDP per capita (current US$),4581.78324469272,4428.14652130855,4354.24436028041,4336.23960272654,4157.87724876095,4513.4325306349,4740.70027224476,4903.01213835449,4624.82344882844,
South Asia (IDA & IBRD),GDP per capita (current US$),1366.05942528235,1383.31690853857,1496.01499570479,1543.04813072167,1696.73962856355,1911.32975360518,1944.00663468586,1987.5683404338,1875.44139149022,2176.77667126391
Sub-Saharan Africa (IDA & IBRD countries),GDP per capita (current US$),1852.84089188473,1913.7372257658,1928.53420210314,1692.67429410075,1538.24441673709,1622.98261366666,1606.86341924427,1618.92077064803,1501.77942150021,1645.47294380133
Trinidad and Tobago,GDP per capita (current US$),19171.2108164078,20162.7332078869,20290.5197094005,18383.5386974985,16241.4109625626,16747.9067034094,17139.185674458,17123.1162867028,15285.9404867715,15243.1228674692
Tunisia,GDP per capita (current US$),4361.68433825322,4444.84748811162,4543.9922759811,4094.84160230737,3924.34909212553,3687.78031640101,3690.89693189538,3571.94504797154,3597.21852540455,3924.34392482058
Turkiye,GDP per capita (current US$),11795.6334567571,12614.7816100386,12157.9904337823,11006.2795239649,10894.6033779275,10589.667724687,9454.34844272271,9121.51516673708,8536.43331960632,9586.61245005597
Tuvalu,GDP per capita (current US$),3662.10165778331,3559.54408006796,3532.27831244697,3316.66452200309,3706.32990317796,3978.67645214273,4156.30512786743,4652.35084630288,4668.81874310357,5291.48524431543
Tanzania,GDP per capita (current US$),867.857482910156,970.399597167969,1030.07763671875,947.933349609375,966.502990722656,1004.90661621094,1042.83874511719,1085.88488769531,1076.4697265625,1135.53967285156
Uganda,GDP per capita (current US$),790.13145058384,810.090395014199,883.528744499561,847.267628934983,736.559847412133,746.830752928351,770.600784343292,798.585734133959,822.027681531666,858.05751272836
Ukraine,GDP per capita (current US$),4004.80444335938,4187.73974609375,3104.64331054688,2124.66235351563,2187.73046875,2638.326171875,3096.56176757813,3661.45629882813,3751.74072265625,4835.57177734375
Upper middle income,GDP per capita (current US$),8031.9362100123,8551.33613541085,8746.2657033762,8149.75183997258,8041.06232407941,8834.5262262122,9448.6348536615,9548.20023835792,9166.46085400957,10835.5231684532
Uruguay,GDP per capita (current US$),15171.5801734227,16973.6892364718,16831.9481943721,15613.7459681824,16715.6334746253,18690.8938401411,18703.8602924478,17688.01500769,15418.8153089096,17020.6486362969
United States,GDP per capita (current US$),51784.4185738837,53291.1276891406,55123.8497869046,56762.7294515989,57866.7449341091,59914.777796976,62805.2537579917,65094.7994287929,63027.6795267153,69287.5365879523
Uzbekistan,GDP per capita (current US$),2267.62327535512,2419.71870345484,2628.46000757936,2753.97107219949,2704.67718798168,1916.76464246779,1597.0683366109,1784.00981608195,1749.65581532206,1983.06472288992
St. Vincent and the Grenadines,GDP per capita (current US$),6732.44432252303,7040.62861533216,7081.06547783663,7207.1707591228,7438.79221202141,7717.8465459734,8024.02849584369,8229.72248613756,7860.82135437107,7996.61400190845
"Venezuela, RB",GDP per capita (current US$),12986.2226921492,12457.7686017666,16055.6453173826,,,,,,,
British Virgin Islands,GDP per capita (current US$),,,,,,,,,,
Virgin Islands (U.S.),GDP per capita (current US$),37795.3192590675,34597.9766940328,33045.3643795999,34007.3529411765,35324.9748874586,35365.0693039774,36653.8630480089,38596.0307118282,39552.1685953523,
Vietnam,GDP per capita (current US$),2178.0431710646,2354.87411736109,2545.41676778941,2581.62244157361,2745.56558793783,2974.11722851858,3230.92771257461,3425.08925344793,3526.27457939624,3694.01904621852
Vanuatu,GDP per capita (current US$),2997.2934319817,2954.77451125652,2926.67995992932,2695.66618597973,2805.66532016404,3082.54005458882,3125.43601411444,3122.98259856381,2919.83679998348,3127.44624774101
World,GDP per capita (current US$),10648.2372249605,10815.5800128167,10976.383454178,10231.7025852204,10286.4113296305,10825.9023691211,11366.0736692165,11407.4793339488,10936.0574657438,12262.9346150446
Samoa,GDP per capita (current US$),4022.17779827995,4037.81390248134,3937.18629813855,4073.72908299755,4109.66329567126,4258.97867546454,4187.50478719379,4322.86841572276,4068.07886505264,3939.1136961541
Kosovo,GDP per capita (current US$),3410.85977956608,3704.78422059665,3902.67601270818,3520.7664492744,3759.56024604446,4009.38098680368,4384.0488917319,4416.10835754636,4310.81118337317,4986.58246912142
"Yemen, Rep.",GDP per capita (current US$),1446.53647172899,1607.15217325898,1674.00257166372,1601.80716299947,1152.73801930955,964.340343636774,758.145948927092,750.554583376727,631.681490044125,690.759273019397
South Africa,GDP per capita (current US$),8222.19727925886,7467.07918510394,6988.80873854682,6259.83968110571,5756.96574098804,6690.93984735096,7005.09541266022,6624.76186493309,5655.86765390396,6994.21165355675
Zambia,GDP per capita (current US$),1763.06944249903,1878.34681050661,1762.42781692474,1338.29092708188,1280.80654257604,1535.19657398198,1516.36837125728,1305.00103080403,985.132436038869,1120.63017052477
Zimbabwe,GDP per capita (current US$),1304.96801065699,1429.99846146678,1434.89627731806,1445.06970213198,1464.58895715841,1235.18903192064,1254.64226494434,1316.74065692871,1214.50982023534,1737.17397698043