Reporter Name,Partner Name,Year,Trade Flow,Product Group,Import (US$ Thousand),Import Product Share (%),AHS Simple Average (%),AHS Weighted Average (%),AHS Total Tariff Lines,AHS Dutiable Tariff Lines Share (%),AHS Duty Free Tariff Lines Share (%),AHS Specific Tariff Lines Share (%),AHS AVE Tariff Lines Share (%),AHS MaxRate (%),AHS MinRate (%),AHS SpecificDuty Imports (US$ Thousand),AHS Dutiable Imports (US$ Thousand),AHS Duty Free Imports (US$ Thousand),MFN Simple Average (%),MFN Weighted Average (%),MFN Total Tariff Lines,MFN Dutiable Tariff Lines Share (%),MFN Duty Free Tariff Lines Share (%),MFN Specific Tariff Lines Share (%),MFN AVE Tariff Lines Share (%),MFN MaxRate (%),MFN MinRate (%),MFN SpecificDuty Imports (US$ Thousand),MFN Dutiable Imports (US$ Thousand),MFN Duty Free Imports (US$ Thousand)
United States,Aruba,2020,Import,  All Products,34710.31,100,2.48,0.04,195,22.56,76.92,0,0.51,27.9,0,0,26.66,4873.6,4.74,0.63,195,66.67,28.72,2.56,2.05,48,0,7.85,561.41,4338.85
United States,Afghanistan,2020,Import,  All Products,17329.15,100,3.03,0.82,557,18.67,77.2,0.36,3.77,350,0,6.7,6131.88,9101.35,4.57,2,557,49.73,33.75,0.72,15.8,350,0,6.7,11539.3,3693.93
United States,Angola,2020,Import,  All Products,497345.89,100,0.15,0,120,4.17,95.83,0,0,17.6,0,0,13359.77,479645.06,3.98,2.7,120,60,33.33,0,6.67,50.26,0,0,482940.7,10064.13
United States,Anguila,2020,Import,  All Products,1687.13,100,1.43,0.36,114,20.18,71.05,0.88,7.89,48,0,0.39,487.98,711.35,2.8,0.64,114,53.51,37.72,0.88,7.89,48,0,0.39,583.25,616.07
United States,Albania,2020,Import,  All Products,48815.31,100,6.82,3.68,1139,46.88,39.42,0.88,12.82,350,0,22.78,19696.7,27932.4,7.75,5,1139,64.88,17.91,1.14,16.07,350,0,183.71,44429.14,3199.97
United States,Andorra,2020,Import,  All Products,5492.13,100,2.05,1,197,41.62,55.33,1.02,2.03,48,0,21.51,4070.21,972.79,2.05,1,197,41.62,55.33,1.02,2.03,48,0,21.51,4070.21,972.79
United States,United Arab Emirates,2020,Import,  All Products,3234654.8,100,3.74,1.77,2899,53.57,35.74,2.21,8.49,350,0,2078.55,1828968.38,623744.05,3.74,1.77,2899,53.57,35.74,2.21,8.49,350,0,2078.55,1828968.38,623744.05
United States,Argentina,2020,Import,  All Products,4378126.24,100,3.45,3.63,3087,49.95,36.28,1.36,12.41,350,0,98097.3,3112714.98,1033072.49,3.45,3.63,3087,49.95,36.28,1.36,12.41,350,0,98097.3,3112714.98,1033072.49
United States,Armenia,2020,Import,  All Products,70559.97,100,4.23,2.1,877,34.44,52.34,1.48,11.74,47.71,0,94.09,23076.48,45939.33,5.48,5.36,877,55.87,25.2,2.05,16.88,47.71,0,105.48,61119.18,7896.63
United States,Fr. So. Ant. Tr,2020,Import,  All Products,74.97,100,2.58,4.9,15,73.33,26.67,0,0,10,0,0,69.93,3.34,2.58,4.9,15,73.33,26.67,0,0,10,0,0,69.93,3.34
United States,Antigua and Barbuda,2020,Import,  All Products,4480.56,100,1.08,0.1,155,11.61,87.74,0,0.65,32,0,0,16.1,2540.02,2.49,1.26,155,37.42,57.42,0,5.16,32,0,0,596.37,1959.75
United States,Australia,2020,Import,  All Products,14334509.77,100,0.17,0.79,5571,1.74,96.02,0.09,2.15,93.91,0,120258.69,1865450.6,10531329.35,3.4,3.03,5571,53.62,37.68,1.47,7.23,93.91,0,159655.95,9361456.83,3035323.12
United States,Austria,2020,Import,  All Products,11767580.32,100,3.21,1.45,5550,53.62,39.64,1.62,5.12,82.48,0,31129,6624133.19,3893331.16,3.21,1.45,5550,53.62,39.64,1.62,5.12,82.48,0,31129,6624133.19,3893331.16
United States,Azerbaijan,2020,Import,  All Products,39297.78,100,1.8,0.92,240,15.42,69.58,0.83,14.17,350,0,21.33,9214.6,9449.09,2.97,2.53,240,42.08,34.17,1.67,22.08,350,0,21.33,10115.33,8548.36
United States,Burundi,2020,Import,  All Products,3994.2,100,4.14,0.18,22,31.82,68.18,0,0,18,0,0,65.52,3898.83,4.88,0.18,22,63.64,31.82,0,4.55,18,0,0,68.02,3896.33
United States,Belgium,2020,Import,  All Products,21365556.89,100,3.66,1.02,6238,54.83,37.46,1.52,6.19,350,0,36484.51,5089840.5,13469404.42,3.66,1.02,6238,54.83,37.46,1.52,6.19,350,0,36484.51,5089840.5,13469404.42
United States,Benin,2020,Import,  All Products,5824.4,100,0.22,0.01,101,4.95,89.11,0.99,4.95,9.19,0,11.09,11.09,5776.09,3.97,0.67,101,49.5,26.73,0.99,22.77,27.13,0,11.09,1152.93,4634.25
United States,Burkina Faso,2020,Import,  All Products,5213.82,100,0.29,0,61,3.28,91.8,0,4.92,16.8,0,0,2.79,4476.74,2.34,1.47,61,29.51,55.74,0,14.75,16.8,0,0,2289.68,2189.85
United States,Bangladesh,2020,Import,  All Products,6308243.14,100,6.22,10.35,2048,62.65,25.83,0.83,10.69,350,0,187090.72,6036465.37,225043.64,6.22,10.35,2048,62.65,25.83,0.83,10.69,350,0,187090.72,6036465.37,225043.64
United States,Bulgaria,2020,Import,  All Products,884520.04,100,4.5,3.61,3395,56.05,34.37,1.09,8.48,350,0,8587.4,475953.98,381776.15,4.5,3.61,3395,56.05,34.37,1.09,8.48,350,0,8587.4,475953.98,381776.15
United States,Bahrain,2020,Import,  All Products,669901.12,100,0,0,530,0,100,0,0,0,0,0,71803.92,570212.8,4.87,3.39,530,56.42,36.42,2.64,4.53,50.26,0,146.09,593732.78,48283.95
United States,"Bahamas, The",2020,Import,  All Products,287396.56,100,1.33,0,418,13.16,83.73,0.24,2.87,50.26,0,10.88,15159.35,170525.14,2.79,2.33,418,45.93,47.61,0.24,6.22,50.26,0,10.88,78641.59,107042.91
United States,Bosnia and Herzegovina,2020,Import,  All Products,102009.52,100,5.68,5.33,1375,60.87,27.56,0.73,10.84,69.46,0,121.17,68217.4,29522.1,5.68,5.33,1375,60.87,27.56,0.73,10.84,69.46,0,121.17,68217.4,29522.1
United States,Belarus,2020,Import,  All Products,354986.52,100,4.4,0.55,1320,54.62,35.08,1.97,8.33,69.46,0,380.3,130268.97,196581.3,4.4,0.55,1320,54.62,35.08,1.97,8.33,69.46,0,380.3,130268.97,196581.3
United States,Belize,2020,Import,  All Products,53910.75,100,0.77,15.64,344,0,96.8,0.87,2.33,82.79,0,8676.38,10207.33,35987.79,2.83,17.6,344,45.35,38.66,1.16,14.83,82.79,0,15986.49,31111.49,15083.62
United States,Bermuda,2020,Import,  All Products,25207.03,100,2.86,1.38,228,58.77,36.4,0,4.82,48,0,0,3684.82,1349.25,2.86,1.38,228,58.77,36.4,0,4.82,48,0,0,3684.82,1349.25
United States,Bolivia,2020,Import,  All Products,389076.64,100,3.79,1.82,813,32.6,59.29,0.49,7.63,131.8,0,7124.44,88640.69,284192.64,4.75,2.58,813,53.63,33.09,0.86,12.42,131.8,0,30886.95,223918.43,148914.9
United States,Brazil,2020,Import,  All Products,24421640.76,100,3.59,3.3,6287,53.78,36.92,1.3,8,350,0,459450.55,11230342.56,10675543.31,3.59,3.3,6287,53.78,36.92,1.3,8,350,0,459450.55,11230342.56,10675543.31
United States,Barbados,2020,Import,  All Products,49839.17,100,2.56,12.56,364,11.81,75.82,1.92,10.44,82.79,0,6748.46,7100.36,36961.96,4.12,13.02,364,43.13,36.81,2.47,17.58,82.79,0,6748.46,25945.72,18116.6
United States,Brunei,2020,Import,  All Products,90301.86,100,7.83,5.86,273,62.27,32.6,0.37,4.76,32,0,0.26,70463.28,3888.89,7.83,5.86,273,62.27,32.6,0.37,4.76,32,0,0.26,70463.28,3888.89
United States,Bhutan,2020,Import,  All Products,434.91,100,1.43,1.08,61,14.75,62.3,3.28,19.67,44.55,0,42.7,96.67,300.05,2.91,3.41,61,42.62,11.48,6.56,39.34,44.55,0,42.7,354.76,41.96
United States,Botswana,2020,Import,  All Products,178253.14,100,0,0,42,0,100,0,0,0,0,0,0,177468.08,0.98,0,42,66.67,33.33,0,0,6.5,0,0,103.97,177364.11
United States,Central African Republic,2020,Import,  All Products,992.18,100,0.46,0.24,25,16,84,0,0,12.8,0,0,37.77,883.2,1.29,0.49,25,40,56,0,4,12.8,0,0,109.38,811.59
United States,Canada,2020,Import,  All Products,276195545.88,100,0.13,0.16,9155,0.37,97.75,0.08,1.8,131.8,0,1133673.25,11130505.38,233514678.41,3.31,2.24,9155,51.17,38.84,1.53,8.45,350,0,1882594.82,166021951.42,78623232.38
United States,Cocos (Keeling) Islands,2020,Import,  All Products,1782.44,100,0.3,0.22,157,9.55,90.45,0,0,7.9,0,0,208.42,1375.81,1.34,0.82,157,42.04,57.96,0,0,8.2,0,0,391.47,1192.76
United States,Switzerland,2020,Import,  All Products,75504461.81,100,3.58,1.7,6355,55.7,36.13,2.42,5.74,162.84,0,3142793.85,41577464.88,22567281.04,3.58,1.7,6355,55.7,36.13,2.42,5.74,162.84,0,3142793.85,41577464.88,22567281.04
United States,Chile,2020,Import,  All Products,10917000.71,100,0,0,2678,0.07,99.89,0,0.04,17,0,0,21671.22,10074346.69,3.16,1.6,2678,47.31,39.43,1.38,11.87,350,0,818696.11,6587231.49,3508786.42
United States,China,2020,Import,  All Products,457164215.51,100,3.54,2.44,9305,53.39,38.4,2.1,6.11,350,0,2698893.29,202226446.21,232091183.84,3.54,2.44,9305,53.39,38.4,2.1,6.11,350,0,2698893.29,202226446.21,232091183.84
United States,Cote d'Ivoire,2020,Import,  All Products,914503.08,100,0.29,0.13,367,2.18,91.55,0.27,5.99,67.17,0,2,12631.12,901064.7,3.26,0.21,367,51.23,36.51,0.27,11.99,67.17,0,2,90420.81,823275.01
United States,Cameroon,2020,Import,  All Products,452715.31,100,0.73,0.12,903,2.88,94.13,0.11,2.88,350,0,0.66,1243.78,449397.03,3.53,2.41,903,46.4,42.08,0.89,10.63,350,0,55.27,393620.12,57020.69
United States,"Congo, Rep.",2020,Import,  All Products,139972.53,100,0,0,170,0,100,0,0,0,0,0,10004.18,129012.63,1.49,2.09,170,47.65,39.41,11.18,1.76,10.5,0,106.21,109502.01,29514.79
United States,Cook Islands,2020,Import,  All Products,2481.28,100,6.76,1.2,94,43.62,54.26,0,2.13,32,0,0,88.32,571.36,7.35,1.6,94,62.77,35.11,0,2.13,32,0,0,226.33,433.34
United States,Colombia,2020,Import,  All Products,11310309.33,100,0.25,0.31,4068,0.69,96.68,0.05,2.58,350,0,2108.44,1223580.92,9587221.38,4.47,3.65,4068,56.17,33.51,1.6,8.73,350,0,152387.18,8500817.1,2309985.2
United States,Comoros,2020,Import,  All Products,3444.26,100,0,0,12,0,100,0,0,0,0,0,0,3435.82,1.11,0.19,12,41.67,58.33,0,0,16,0,0,477.39,2958.43
United States,Cape Verde,2020,Import,  All Products,4782.31,100,0.57,0.06,106,4.72,88.68,0.94,5.66,45.48,0,12.11,25.46,4725.54,3.71,4.5,106,43.4,36.79,6.6,13.21,45.48,0,18.46,3291.41,1459.6
United States,Costa Rica,2020,Import,  All Products,5622497.4,100,0.18,0.11,2513,0.92,96.26,0.08,2.75,82.79,0,249.07,91380.89,5308831.6,3.31,1.6,2513,50.62,38.24,1.23,9.91,131.8,0,38672.79,1899625.24,3500587.25
United States,Cuba,2020,Import,  All Products,14908.54,100,,,4,0,0,100,0,,,4906.22,4906.22,0,0,0,4,0,100,0,0,0,0,0,0,4906.22
United States,Cura√ßao,2020,Import,  All Products,28926.28,100,1.82,0.63,259,42.08,54.44,0,3.47,28.2,0,0,6684.78,13551.67,1.82,0.63,259,42.08,54.44,0,3.47,28.2,0,0,6684.78,13551.67
United States,Christmas Island,2020,Import,  All Products,476.82,100,0.39,0.16,103,12.62,87.38,0,0,8.4,0,0,26.11,425.49,1.65,1.06,103,53.4,46.6,0,0,8.6,0,0,123.83,327.77
United States,Cayman Islands,2020,Import,  All Products,20683.56,100,1.02,0.24,203,45.32,54.68,0,0,11,0,0,954.48,10513.94,1.02,0.24,203,45.32,54.68,0,0,11,0,0,954.48,10513.94
United States,Cyprus,2020,Import,  All Products,60769.56,100,3.6,5.41,869,48.1,36.13,1.96,13.81,350,0,158.95,16548.69,21531.52,3.6,5.41,869,48.1,36.13,1.96,13.81,350,0,158.95,16548.69,21531.52
United States,Czech Republic,2020,Import,  All Products,5706788.16,100,3.24,1.34,4723,54.63,39.7,1.67,4,350,0,13912.25,2360952.92,2938364.05,3.24,1.34,4723,54.63,39.7,1.67,4,350,0,13912.25,2360952.92,2938364.05
United States,Germany,2020,Import,  All Products,117393017.84,100,3.43,1.54,8747,53.6,38.25,1.85,6.3,350,0,288197.71,49476595.9,45662359.62,3.43,1.54,8747,53.6,38.25,1.85,6.3,350,0,288197.71,49476595.9,45662359.62
United States,Djibouti,2020,Import,  All Products,40949.23,100,0,0,99,0,100,0,0,0,0,0,10.1,2187.05,2.02,2.62,99,39.39,54.55,0,6.06,23.5,0,0,938.71,1258.43
United States,Dominica,2020,Import,  All Products,1875.39,100,1.56,1.29,125,12,86.4,1.6,0,33.6,0,94.17,154.45,887.98,2.98,2.44,125,61.6,36.8,1.6,0,33.6,0,94.17,620.1,422.33
United States,Denmark,2020,Import,  All Products,11836868.36,100,3.49,0.64,5049,53.75,38.27,1.78,6.2,350,0,126147.49,1746313.51,9642406.53,3.49,0.64,5049,53.75,38.27,1.78,6.2,350,0,126147.49,1746313.51,9642406.53
United States,Dominican Republic,2020,Import,  All Products,5346080.63,100,0.15,0.59,3173,0.76,96.47,0.03,2.74,82.79,0,369.93,235852.07,4869989.52,4.73,6.5,3173,54.24,33.91,1.51,10.34,350,0,215642.45,3527962.25,1577879.34
United States,Algeria,2020,Import,  All Products,498853.71,100,0.76,1.86,160,11.88,73.13,1.25,13.75,44.55,0,3.39,395401.12,98882.66,1.55,2.09,160,28.75,48.75,3.13,19.38,44.55,0,6.58,406798.89,87484.89
United States,Ecuador,2020,Import,  All Products,6384468.6,100,4.33,2.75,2428,51.52,34.06,0.99,13.43,350,0,35241.24,4464810.26,1592356.1,4.33,2.75,2428,51.52,34.06,0.99,13.43,350,0,35241.24,4464810.26,1592356.1
United States,"Egypt, Arab Rep.",2020,Import,  All Products,2303710.28,100,5.05,8.19,2358,57.51,28.37,0.64,13.49,82.48,0,16835.61,1733533.83,395207.34,5.05,8.19,2358,57.51,28.37,0.64,13.49,82.48,0,16835.61,1733533.83,395207.34
United States,Eritrea,2020,Import,  All Products,289.08,100,1.58,0.02,37,5.41,94.59,0,0,16.5,0,0,1.73,279.2,2.47,0.51,37,45.95,51.35,0,2.7,16.5,0,0,88.11,192.83
United States,Western Sahara,2020,Import,  All Products,19,100,2.5,1.78,4,25,75,0,0,5,0,0,5.97,10.84,3.33,2.85,4,75,25,0,0,5,0,0,16.81,0
United States,Spain,2020,Import,  All Products,15925756.98,100,3.65,2.95,7579,54.23,37.16,1.39,7.23,350,0,383776.23,7852027.26,6191779.88,3.65,2.95,7579,54.23,37.16,1.39,7.23,350,0,383776.23,7852027.26,6191779.88
United States,Estonia,2020,Import,  All Products,1101119.29,100,3.54,0.84,2144,52.94,41.37,0.42,5.27,48,0,3440.7,258448.64,767018.73,3.54,0.84,2144,52.94,41.37,0.42,5.27,48,0,3440.7,258448.64,767018.73
United States,Ethiopia(excludes Eritrea),2020,Import,  All Products,540458.33,100,0.11,0.04,941,1.91,95.86,0.32,1.91,44.55,0,1641.81,3468.53,448301.47,6.78,7.7,941,68.97,19.34,0.64,11.05,50.26,0,1645.45,295293.73,156476.27
United States,Finland,2020,Import,  All Products,5098572.16,100,2.8,0.92,3717,51.74,43.13,0.97,4.17,82.79,0,24238.34,1781224.19,3150440.54,2.8,0.92,3717,51.74,43.13,0.97,4.17,82.79,0,24238.34,1781224.19,3150440.54
United States,Fiji,2020,Import,  All Products,267147.98,100,3.97,5.66,531,33.52,55.18,0.94,10.36,82.79,0,8081.14,100874.3,161667.32,5.08,6.23,531,58.38,25.8,1.32,14.5,82.79,0,8081.14,122678.69,139862.93
United States,Falkland Island,2020,Import,  All Products,11761.56,100,1.65,0.02,47,53.19,46.81,0,0,16,0,0,52.46,11690.36,1.65,0.02,47,53.19,46.81,0,0,16,0,0,52.46,11690.36
United States,France,2020,Import,  All Products,43871784.33,100,3.71,1.4,8300,54.33,36.46,1.83,7.39,350,0,99312.8,13822746.35,25794742.27,3.71,1.4,8300,54.33,36.46,1.83,7.39,350,0,99312.8,13822746.35,25794742.27
United States,Faeroe Islands,2020,Import,  All Products,151199.85,100,0.9,0,89,41.57,58.43,0,0,8.6,0,0,289.41,150528.12,0.9,0,89,41.57,58.43,0,0,8.6,0,0,289.41,150528.12
United States,"Micronesia, Fed. Sts.",2020,Import,  All Products,2988.78,100,4.84,0.68,183,53.01,39.34,0,7.65,32,0,0,655.56,1908.86,4.84,0.68,183,53.01,39.34,0,7.65,32,0,0,655.56,1908.86
United States,Gabon,2020,Import,  All Products,83634.97,100,0,0,167,0,100,0,0,0,0,0,5123.33,76497.45,1.75,0.42,167,49.7,50.3,0,0,16.5,0,0,9941.02,71679.76
United States,United Kingdom,2020,Import,  All Products,50839851.48,100,3.57,1.34,8486,54.01,37.53,1.99,6.47,350,0,212200.77,18806574.07,24037708.31,3.57,1.34,8486,54.01,37.53,1.99,6.47,350,0,212200.77,18806574.07,24037708.31
United States,Georgia,2020,Import,  All Products,157327.04,100,3.87,2.85,1144,34.44,57.78,1.84,5.94,47.71,0,128.08,104121.16,49610.89,4.93,3.08,1144,54.98,34.35,2.36,8.3,47.71,0,426.73,114271.97,39460.08
United States,Ghana,2020,Import,  All Products,759858.88,100,0.44,0.03,1042,3.26,90.21,0.29,6.24,69.46,0,88.3,31259.26,713045.16,4.53,2.08,1042,57.29,23.7,1.73,17.27,69.46,0,3788.47,502510.87,241793.56
United States,Gibraltar,2020,Import,  All Products,22363.53,100,2.84,1.68,146,37.67,50,10.96,1.37,48,0,32.28,11247.88,9688.32,2.84,1.68,146,37.67,50,10.96,1.37,48,0,32.28,11247.88,9688.32
United States,Guinea,2020,Import,  All Products,9893.5,100,0.1,0.02,343,3.21,96.79,0,0,17.6,0,0,53.2,7621.7,2.97,1.02,343,53.64,41.98,0.29,4.08,32,0,5.71,1740.66,5934.24
United States,"Gambia, The",2020,Import,  All Products,1157.21,100,0.34,0.04,109,3.67,83.49,1.83,11.01,44.55,0,4.93,4.93,888.93,3.82,1.27,109,51.38,19.27,3.67,25.69,44.55,0,4.93,219.48,674.38
United States,Guinea-Bissau,2020,Import,  All Products,924.34,100,0,0,11,0,100,0,0,0,0,0,0,923.89,0,0,11,0,100,0,0,0,0,0,0,923.89
United States,Equatorial Guinea,2020,Import,  All Products,145504.99,100,0.7,1.02,20,30,70,0,0,5.5,0,0,48003.63,81300.8,0.7,1.02,20,30,70,0,0,5.5,0,0,48003.63,81300.8
United States,Greece,2020,Import,  All Products,1412356.95,100,4.37,3.85,3262,53.28,34.52,1.62,10.58,350,0,99562.59,784301.45,574256.65,4.37,3.85,3262,53.28,34.52,1.62,10.58,350,0,99562.59,784301.45,574256.65
United States,Grenada,2020,Import,  All Products,13871.11,100,0.56,0,148,6.08,93.92,0,0,16.5,0,0,4.09,12604.15,2.44,1.02,148,54.73,40.54,0,4.73,29.8,0,0,3285.87,9322.37
United States,Greenland,2020,Import,  All Products,29197.61,100,1.03,3.45,25,28,64,0,8,10.5,0,0,27008.53,1983.63,1.03,3.45,25,28,64,0,8,10.5,0,0,27008.53,1983.63
United States,Guatemala,2020,Import,  All Products,4170606.49,100,0.17,0.59,2371,0.8,96.54,0.08,2.57,82.79,0,4678.59,145866.97,3956005.1,5.81,8.01,2371,60.57,25.22,1.35,12.86,350,0,156671.23,2676535.74,1425336.34
United States,Guyana,2020,Import,  All Products,724260.96,100,0.96,1.93,538,2.04,90.15,1.3,6.51,82.79,0,16369.18,16821.39,682575.46,2.64,4.29,538,44.8,39.03,1.67,14.5,82.79,0,16369.18,626879.33,72517.53
United States,"Hong Kong, China",2020,Import,  All Products,8012202.17,100,3.88,2.77,5005,56.18,35.16,2.42,6.23,131.8,0,20998.98,6014120.98,668238.75,3.88,2.77,5005,56.18,35.16,2.42,6.23,131.8,0,20998.98,6014120.98,668238.75
United States,Heard Island and McDonald Isla,2020,Import,  All Products,16.16,100,2.5,4.71,7,14.29,85.71,0,0,5,0,0,13.52,0.83,2.5,4.71,7,14.29,85.71,0,0,5,0,0,13.52,0.83
United States,Honduras,2020,Import,  All Products,4073688.72,100,0.17,0.11,1701,0.94,96.59,0.06,2.41,82.79,0,12.57,30783.54,3978387.52,5.34,8.88,1701,56.14,31.69,1.12,11.05,350,0,34082.44,3257093.05,752078
United States,Croatia,2020,Import,  All Products,615938.1,100,4.56,2.31,2370,56.08,32.91,1.01,10,350,0,661.22,296960.44,269448.45,4.56,2.31,2370,56.08,32.91,1.01,10,350,0,661.22,296960.44,269448.45
United States,Haiti,2020,Import,  All Products,861814,100,4.35,13.11,798,24.44,71.18,0.13,4.26,131.8,0,10212.24,795978.12,57343.21,6.17,13.53,798,61.78,26.69,0.63,10.9,131.8,0,10241.49,832747.92,20573.41
United States,Hungary,2020,Import,  All Products,5388419.29,100,3.57,1.78,4082,56.88,37.14,1,4.97,350,0,3174.02,3539296.35,1468434.7,3.57,1.78,4082,56.88,37.14,1,4.97,350,0,3174.02,3539296.35,1468434.7
United States,Indonesia,2020,Import,  All Products,21287064.43,100,4.22,4.9,4838,56.2,36.44,1.57,5.79,350,0,89538.88,12085045.81,8520048.94,4.22,4.9,4838,56.2,36.44,1.57,5.79,350,0,89538.88,12085045.81,8520048.94
United States,India,2020,Import,  All Products,53567301.6,100,3.83,2.85,8283,55.66,35.39,1.84,7.12,350,0,145525.73,26969106.37,24428681.19,3.83,2.85,8283,55.66,35.39,1.84,7.12,350,0,145525.73,26969106.37,24428681.19
United States,British Indian Ocean Ter.,2020,Import,  All Products,176.34,100,2.42,7.58,29,68.97,24.14,0,6.9,48,0,0,52.62,81.86,4.65,9.01,29,89.66,3.45,0,6.9,48,0,0,130.43,4.04
United States,Ireland,2020,Import,  All Products,65779092.04,100,3.52,1.49,4202,55.38,36.79,1.43,6.4,350,0,25731.78,17047737.87,31742084.99,3.52,1.49,4202,55.38,36.79,1.43,6.4,350,0,25731.78,17047737.87,31742084.99
United States,"Iran, Islamic Rep.",2020,Import,  All Products,3915.2,100,3.59,0.48,135,46.67,21.48,2.96,28.89,44.55,0,9.07,443.59,3389.28,3.59,0.48,135,46.67,21.48,2.96,28.89,44.55,0,9.07,443.59,3389.28
United States,Iraq,2020,Import,  All Products,3266587.48,100,1.27,2.75,256,17.19,73.44,3.52,5.86,37.78,0,129.35,3259337.6,6993.6,3.1,2.76,256,59.38,23.44,5.86,11.33,37.78,0,147.95,3260168.17,6163.03
United States,Iceland,2020,Import,  All Products,453319.88,100,2.08,0.5,1186,43.42,48.4,1.77,6.41,44.55,0,417.25,88405.01,333240.74,2.08,0.5,1186,43.42,48.4,1.77,6.41,44.55,0,417.25,88405.01,333240.74
United States,Israel,2020,Import,  All Products,15597596.45,100,0.11,0.04,5376,0.5,97.41,0.07,2.01,131.8,0,370.32,93163.84,14057017.03,3.46,1.08,5376,54.89,36.24,1.75,7.12,131.8,0,63078.2,3855563.19,10294617.69
United States,Italy,2020,Import,  All Products,50996273.74,100,3.81,2.43,8546,54.04,36.46,1.88,7.62,350,0,746422.85,27136446.04,19825626.5,3.81,2.43,8546,54.04,36.46,1.88,7.62,350,0,746422.85,27136446.04,19825626.5
United States,Jamaica,2020,Import,  All Products,396397.12,100,1.29,1.94,912,7.79,84.21,1.1,6.91,82.79,0,15355.58,42710.1,331212.77,3.36,3.44,912,46.05,34.21,1.54,18.2,82.79,0,15387.97,158367.35,215555.51
United States,Jordan,2020,Import,  All Products,1920196.54,100,0.58,0.05,1702,0.35,98.47,0,1.18,350,0,0,26217.93,1835421.21,6.09,13.6,1702,56.82,26.44,0.88,15.86,350,0,2353.7,1752100.58,109538.57
United States,Japan,2020,Import,  All Products,122483985.44,100,3.53,1.6,8273,54.41,37.93,2.08,5.58,162.84,0,610999.95,64767985.17,44537258.75,3.61,1.7,8273,55.06,37.28,2.08,5.58,162.84,0,610999.95,65792929.03,43512314.89
United States,Kazakhstan,2020,Import,  All Products,938497.14,100,2.56,2.83,244,53.28,42.62,0.41,3.69,32,0,26830.16,866989.63,60234.6,2.56,2.83,244,53.28,42.62,0.41,3.69,32,0,26830.16,866989.63,60234.6
United States,Kenya,2020,Import,  All Products,584534.21,100,0.19,0.09,1063,2.73,94.83,0.28,2.16,44.55,0,172.69,7014.48,562744.54,5.04,9.38,1063,59.92,28.22,1.03,10.82,53.77,0,6757.67,491146.18,78612.84
United States,Kyrgyz Republic,2020,Import,  All Products,6018.62,100,1.6,1.17,270,21.48,75.19,0,3.33,32,0,0,3523.53,2244.66,2.92,1.9,270,56.3,37.41,0,6.3,32,0,0,4516.2,1252
United States,Cambodia,2020,Import,  All Products,6883532.03,100,4.72,7.99,1849,39.64,55.49,0.65,4.22,50.26,0,23598.43,4794749.22,1897759.82,6,10,1849,65.12,27.26,1.41,6.22,50.26,0,23900.96,6128817.86,563691.18
United States,Kiribati,2020,Import,  All Products,1184,100,0,0,69,0,100,0,0,0,0,0,0,1111.42,0.84,0.02,69,37.68,62.32,0,0,6.5,0,0,4.98,1106.44
United States,St. Kitts and Nevis,2020,Import,  All Products,50967.84,100,0.65,0.02,292,6.16,92.81,0,1.03,37.5,0,0,144.55,39681.1,2.1,1.03,292,41.1,49.66,6.85,2.4,48,0,9.61,22506.98,17318.67
United States,"Korea, Rep.",2020,Import,  All Products,78292069.68,100,0.13,0.05,7385,4.94,93.51,0.11,1.44,81.53,0,2447.28,7218634.54,65382728.51,3.6,1.73,7385,55.19,37.85,1.44,5.52,82.79,0,202963.66,42945765.99,29655597.05
United States,Kuwait,2020,Import,  All Products,681801.98,100,3.16,2.47,309,54.37,33.98,1.94,9.71,47.71,0,7.85,522228.95,47311.52,3.16,2.47,309,54.37,33.98,1.94,9.71,47.71,0,7.85,522228.95,47311.52
United States,Lao PDR,2020,Import,  All Products,107060.66,100,7.03,2.8,534,64.23,28.46,0.37,6.93,50.26,0,3011.71,49070.16,55015.81,7.03,2.8,534,64.23,28.46,0.37,6.93,50.26,0,3011.71,49070.16,55015.81
United States,Lebanon,2020,Import,  All Products,198068.17,100,3.39,1.57,1359,28.99,57.69,3.68,9.64,350,0,1159.41,132466.48,45432.84,4.82,4.96,1359,54.6,26.12,4.71,14.57,350,0,7620.03,155034.98,22864.34
United States,Liberia,2020,Import,  All Products,48192.73,100,0.1,0,73,1.37,98.63,0,0,29.8,0,0,36.53,48071.55,2.63,0,73,42.47,52.05,0,5.48,29.8,0,0,62.36,48045.71
United States,Libya,2020,Import,  All Products,224894.53,100,2.18,2.76,30,60,33.33,0,6.67,11,0,0,224708.94,112.72,2.18,2.76,30,60,33.33,0,6.67,11,0,0,224708.94,112.72
United States,St. Lucia,2020,Import,  All Products,9101.83,100,0.21,0.26,95,1.05,97.89,0,1.05,19.09,0,0,709.24,6713.22,1.26,1.02,95,34.74,61.05,0,4.21,21.3,0,0,1736.52,5685.95
United States,Sri Lanka,2020,Import,  All Products,2552281.22,100,4.12,8.19,2081,37.43,55.31,0.53,6.73,350,0,26095.28,1926040.83,551075.81,5.12,8.58,2081,57.62,32.82,0.77,8.79,350,0,27931.36,2087005.03,390111.61
United States,Lesotho,2020,Import,  All Products,312511.77,100,0,0,155,0,100,0,0,0,0,0,0,312218.13,10.84,13.3,155,70.32,21.29,0,8.39,32,0,0,266496.46,45721.67
United States,Lithuania,2020,Import,  All Products,1386965.22,100,4.34,1.35,3113,57.98,33.92,0.74,7.36,67.17,0,760.23,478343.18,812211.97,4.34,1.35,3113,57.98,33.92,0.74,7.36,67.17,0,760.23,478343.18,812211.97
United States,Luxembourg,2020,Import,  All Products,507178.8,100,2.49,1.67,1289,48.88,44.61,1.09,5.43,350,0,641.2,179799.88,190225.1,2.49,1.67,1289,48.88,44.61,1.09,5.43,350,0,641.2,179799.88,190225.1
United States,Latvia,2020,Import,  All Products,547250.35,100,4.15,0.67,2161,55.34,39.19,0.51,4.95,66.15,0,126.33,81943.43,411629.11,4.15,0.67,2161,55.34,39.19,0.51,4.95,66.15,0,126.33,81943.43,411629.11
United States,Macao,2020,Import,  All Products,103941.21,100,7.59,6.97,988,66.5,23.68,0.91,8.91,50.26,0,7215.2,71026.8,21935.77,7.59,6.97,988,66.5,23.68,0.91,8.91,50.26,0,7215.2,71026.8,21935.77
United States,Morocco,2020,Import,  All Products,1095590.64,100,0.13,0.07,2286,0.57,97.42,0.04,1.97,69.46,0,8.91,42063.33,912592.62,5.19,3.21,2286,59.36,30.53,0.61,9.49,69.46,0,25277.86,519156.85,435499.09
United States,Moldova,2020,Import,  All Products,60086.52,100,6.12,4.2,996,47.19,45.78,0.2,6.83,48,0,102.04,38953.67,19828.46,7.27,5.3,996,65.36,23.69,0.2,10.74,53.77,0,102.04,43167.07,15615.06
United States,Madagascar,2020,Import,  All Products,626004.77,100,0.19,0.03,997,2.81,93.68,0.3,3.21,44.55,0,677.57,2842.08,621549.35,7.91,4.71,997,70.11,18.46,1.3,10.13,48,0,834.14,251910.58,372480.86
United States,Maldives,2020,Import,  All Products,16758.95,100,3.19,3.07,73,28.77,68.49,0,2.74,35,0,0,5419.33,10776.58,3.56,3.36,73,60.27,36.99,0,2.74,35,0,0,5419.33,10776.58
United States,Mexico,2020,Import,  All Products,328861803.53,100,0,0,8206,0.09,99.85,0,0.06,17,0,0,1405629.28,316702038.79,3.68,3.73,8206,53.08,36.96,1.46,8.49,350,0,2255393.43,215689297,102418371.07
United States,Marshall Islands,2020,Import,  All Products,32599.95,100,1.71,0.06,117,52.99,47.01,0,0,20,0,0,731.82,30746.06,1.71,0.06,117,52.99,47.01,0,0,20,0,0,731.82,30746.06
United States,North Macedonia,2020,Import,  All Products,164356.49,100,4.94,4.27,1060,39.06,49.53,0.47,10.94,350,0,4353.88,99063.62,62394.43,5.93,5.33,1060,59.81,25,0.94,14.25,350,0,4357.83,131186.46,30271.59
United States,Mali,2020,Import,  All Products,2347.49,100,0.09,0.01,253,1.98,98.02,0,0,17.6,0,0,4.9,1966.83,3.84,1.77,253,64.43,34.78,0,0.79,20.9,0,0,1110.31,861.42
United States,Malta,2020,Import,  All Products,176777.11,100,2.24,0.84,825,43.88,49.45,2.91,3.76,44.55,0,390.22,35568.05,130796.7,2.24,0.84,825,43.88,49.45,2.91,3.76,44.55,0,390.22,35568.05,130796.7
United States,Myanmar,2020,Import,  All Products,1073934.77,100,5.03,6.7,1698,38.16,55.59,0.53,5.71,131.8,0,10830.3,831145.37,240209.7,6.25,9.09,1698,62.78,24.62,1,11.6,131.8,0,13009.43,939469.66,131885.41
United States,Mongolia,2020,Import,  All Products,11835.24,100,5.97,6.07,364,46.15,47.25,0.27,6.32,37.5,0,123.18,6239.01,4058.04,6.68,6.3,364,64.84,27.2,0.82,7.14,37.5,0,155.18,7073.19,3223.86
United States,Montenegro,2020,Import,  All Products,5854.48,100,1.09,0.73,252,13.49,84.52,0,1.98,17.6,0,0,1882.7,3131.84,2.15,1.1,252,45.63,50,0,4.37,17.6,0,0,2345.18,2669.36
United States,Mozambique,2020,Import,  All Products,111615.61,100,1.07,3.94,181,1.1,98.34,0,0.55,350,0,0,38298.03,70527.74,3.33,12.48,181,22.65,65.75,2.21,9.39,350,0,11347.35,47274.86,61550.91
United States,Mauritania,2020,Import,  All Products,6207.35,100,0,0,189,0,100,0,0,0,0,0,0,4932.45,4.59,0.96,189,62.43,31.75,0,5.82,27.7,0,0,1035.56,3896.89
United States,Montserrat,2020,Import,  All Products,1535.88,100,2.08,3.33,115,6.09,93.91,0,0,350,0,0,122.65,1293.26,2.94,3.74,115,25.22,72.17,0,2.61,350,0,0,280.54,1135.37
United States,Mauritius,2020,Import,  All Products,251224.25,100,0.34,0.93,807,2.48,96.41,0.12,0.99,82.79,0,0.54,11903.98,236329.3,7.61,10.36,807,64.44,28.13,1.36,6.07,82.79,0,11506.4,153539.47,94693.82
United States,Malawi,2020,Import,  All Products,44286.62,100,2.86,17.36,148,2.03,97.3,0,0.68,350,0,0,20952.62,23242.92,8.64,31.74,148,43.92,37.84,2.03,16.22,350,0,7947.85,32111.04,12084.51
United States,Malaysia,2020,Import,  All Products,45332964.68,100,3.28,0.8,4640,52.59,39.68,1.49,6.25,350,0,20828.36,8631942.12,35818321.5,3.28,0.8,4640,52.59,39.68,1.49,6.25,350,0,20828.36,8631942.12,35818321.5
United States,Namibia,2020,Import,  All Products,91300.57,100,0.12,0.13,398,2.51,97.49,0,0,26.4,0,0,2895.21,82739.19,2.2,0.77,398,51.26,46.98,0,1.76,26.4,0,0,14501.51,71132.88
United States,New Caledonia,2020,Import,  All Products,31702.64,100,2.24,0.08,213,54.46,43.19,0,2.35,50.26,0,0,1007.37,28843.93,2.24,0.08,213,54.46,43.19,0,2.35,50.26,0,0,1007.37,28843.93
United States,Niger,2020,Import,  All Products,79548.5,100,0.02,0,320,0.63,99.38,0,0,6.5,0,0,6.51,2753.46,2.85,1.81,320,52.19,45.63,0,2.19,48,0,0,1763.26,996.71
United States,Norfolk Island,2020,Import,  All Products,39.44,100,0,0,10,0,100,0,0,0,0,0,0,38.78,0.01,0,10,0,90,0,10,0.11,0,0,3.44,35.35
United States,Nigeria,2020,Import,  All Products,1555144.12,100,0.63,0.03,1118,3.67,90.52,0.27,5.55,131.8,0,4037.84,178169.04,1343593.86,4.86,2.58,1118,57.78,24.69,1.34,16.19,131.8,0,18505.24,1418441.04,103321.85
United States,Nicaragua,2020,Import,  All Products,3658926.07,100,0.32,0.29,1407,1.63,93.25,0,5.12,82.79,0,0,402121.57,3234030.28,6.5,8.48,1407,59.49,25.52,0.92,14.07,350,0,64343.99,3233402.88,402748.97
United States,Niue,2020,Import,  All Products,532.53,100,1.73,8.46,31,41.94,58.06,0,0,14,0,0,312.76,172.12,3.04,8.5,31,80.65,19.35,0,0,14,0,0,318.2,166.68
United States,Netherlands,2020,Import,  All Products,28204641.89,100,3.35,1.48,7088,53.29,37.78,1.69,7.24,350,0,252681.27,7376562.96,10090259.84,3.35,1.48,7088,53.29,37.78,1.69,7.24,350,0,252681.27,7376562.96,10090259.84
United States,Norway,2020,Import,  All Products,4152721.28,100,2.55,0.99,3215,50.23,44.42,0.96,4.39,82.48,0,44420.56,1360703.84,2509193.39,2.55,0.99,3215,50.23,44.42,0.96,4.39,82.48,0,44420.56,1360703.84,2509193.39
United States,Nepal,2020,Import,  All Products,92585.24,100,5.22,1.25,1359,38.56,55.04,0.15,6.25,82.48,0,56.3,23025.61,68054.42,6.73,2.48,1359,68.36,20.38,0.96,10.3,82.48,0,1212.25,58368.8,32711.23
United States,Nauru,2020,Import,  All Products,3764.04,100,2.86,0.34,180,57.78,42.22,0,0,20.9,0,0,350.36,3377.22,2.86,0.34,180,57.78,42.22,0,0,20.9,0,0,350.36,3377.22
United States,New Zealand,2020,Import,  All Products,4375785.61,100,3.18,4.5,3701,52.15,38.26,0.62,8.97,131.8,0,26276.26,2745665.68,1093718.1,3.18,4.5,3701,52.15,38.26,0.62,8.97,131.8,0,26276.26,2745665.68,1093718.1
United States,"Other Asia, nes",2020,Import,  All Products,62456530.16,100,,,,,,,,,,,,,,,,,,,,,,,,
United States,Oman,2020,Import,  All Products,888624.23,100,0,0,414,0,100,0,0,0,0,0,7988.63,808797.69,2.48,3.2,414,40.82,50.97,0,8.21,45.83,0,0,601714.01,215072.32
United States,Pakistan,2020,Import,  All Products,4115927.8,100,5.65,8.64,3364,63.2,25.56,1.37,9.87,350,0,50433.78,3707750.63,264861.36,5.65,8.64,3364,63.2,25.56,1.37,9.87,350,0,50433.78,3707750.63,264861.36
United States,Panama,2020,Import,  All Products,711141.3,100,0.11,2.16,1334,0.52,97.68,0,1.8,82.79,0,0,32727.98,209838.92,2.75,9.78,1334,47.75,43.25,2.47,6.52,82.79,0,25584.05,127151.42,115415.47
United States,Pitcairn,2020,Import,  All Products,8.16,100,,,,,,,,,,,,,,,,,,,,,,,,
United States,Peru,2020,Import,  All Products,5929121.33,100,0.12,0.16,3244,0,97.53,0.06,2.4,82.79,0,382.49,255238.66,5345404.36,4.79,4.57,3244,57.83,28.36,1.29,12.52,82.79,0,810335.77,4072597.59,1528045.44
United States,Philippines,2020,Import,  All Products,11507053.8,100,2.89,1.78,3963,26.77,65.23,1.31,6.69,350,0,123428.91,2520011.03,8479280.29,4.24,2.5,3963,54.05,35.65,1.74,8.55,350,0,123998.39,4024445.01,6974846.3
United States,Palau,2020,Import,  All Products,510.21,100,0.5,0.12,19,15.79,84.21,0,0,4.2,0,0,40.15,440.29,0.5,0.12,19,15.79,84.21,0,0,4.2,0,0,40.15,440.29
United States,Papua New Guinea,2020,Import,  All Products,90011.2,100,1.12,0.02,175,20.57,77.14,0,2.29,50.26,0,0,887.28,80986.91,1.85,0.05,175,44,50.29,0,5.71,50.26,0,0,2915.83,78958.36
United States,Poland,2020,Import,  All Products,8873019.89,100,3.54,1.36,5828,54.27,37.1,1.3,7.33,350,0,22653.24,3713534.93,4654803.86,3.54,1.36,5828,54.27,37.1,1.3,7.33,350,0,22653.24,3713534.93,4654803.86
United States,Portugal,2020,Import,  All Products,4046973.1,100,4.43,3.19,4780,57.3,33.14,1.65,7.91,131.8,0,175657.98,2667754.99,1162313.13,4.43,3.19,4780,57.3,33.14,1.65,7.91,131.8,0,175657.98,2667754.99,1162313.13
United States,Paraguay,2020,Import,  All Products,160546.38,100,4.29,17.69,579,26.94,63.56,1.21,8.29,350,0,34027.03,100367.79,52581.65,5.38,17.99,579,49.91,35.75,2.25,12.09,350,0,34512.89,111493.12,41456.32
United States,Occ.Pal.Terr,2020,Import,  All Products,5915.34,100,3,4.69,237,29.54,53.59,0,16.88,47.71,0,0,3945.58,1750.45,4.86,6.85,237,51.48,21.52,0.84,26.16,47.71,0,583.05,4713.64,982.39
United States,French Polynesia,2020,Import,  All Products,22556.79,100,3.03,0.77,192,54.69,39.58,1.04,4.69,53.77,0,2.59,3105.85,15864.67,3.03,0.77,192,54.69,39.58,1.04,4.69,53.77,0,2.59,3105.85,15864.67
United States,Qatar,2020,Import,  All Products,1218144.26,100,2.19,0.73,337,51.34,45.4,2.37,0.89,28,0,40.31,685637.41,322609.77,2.19,0.73,337,51.34,45.4,2.37,0.89,28,0,40.31,685637.41,322609.77
United States,Romania,2020,Import,  All Products,2213158.81,100,4.03,2.41,3509,57.2,35.51,0.94,6.36,67.17,0,6154.41,1175282.91,856410.52,4.03,2.41,3509,57.2,35.51,0.94,6.36,67.17,0,6154.41,1175282.91,856410.52
United States,Russian Federation,2020,Import,  All Products,17711785.61,100,3.27,1.37,3692,53.52,37.92,1.49,7.07,131.8,0,30433.25,11790622.59,5557937.6,3.27,1.37,3692,53.52,37.92,1.49,7.07,131.8,0,30433.25,11790622.59,5557937.6
United States,Rwanda,2020,Import,  All Products,33594.21,100,0.54,0.06,243,4.53,90.53,0,4.94,67.17,0,0,286.1,32654.54,3.86,0.72,243,60.08,28.4,0.41,11.11,67.17,0,1853.18,7983.88,24956.76
United States,Saudi Arabia,2020,Import,  All Products,9520664.6,100,3.27,2.63,1359,51.21,39.59,1.25,7.95,67.82,0,313.83,8537060.59,700180.2,3.27,2.63,1359,51.21,39.59,1.25,7.95,67.82,0,313.83,8537060.59,700180.2
United States,Senegal,2020,Import,  All Products,104858.4,100,0.26,0,586,3.75,92.15,0.51,3.58,44.55,0,26.96,85.59,102142.44,5.07,4.86,586,62.8,26.96,0.85,9.39,48,0,26.96,50952.25,51275.78
United States,"Serbia, FR(Serbia/Montenegro)",2020,Import,  All Products,468616.3,100,4.24,3.14,2254,57.05,32.21,0.75,9.98,82.48,0,14364.21,332912.35,117845.01,4.24,3.14,2254,57.05,32.21,0.75,9.98,82.48,0,14364.21,332912.35,117845.01
United States,Singapore,2020,Import,  All Products,31140358.27,100,0,0,3956,0.03,99.95,0,0.03,10,0,0,1305866.36,24532475.32,3,2.36,3956,54.32,38.78,1.62,5.28,131.8,0,3214403.35,12769186,13069155.68
United States,Saint Helena,2020,Import,  All Products,5313.91,100,2.6,0.03,108,39.81,54.63,0,5.56,50.26,0,0,20.44,5131.65,3.42,0.1,108,53.7,40.74,0,5.56,50.26,0,0,112.39,5039.7
United States,Solomon Islands,2020,Import,  All Products,3464.71,100,2.31,0.11,123,13.01,75.61,1.63,9.76,44.55,0,26.23,49.38,3360.04,3.64,7.13,123,47.15,28.46,3.25,21.14,44.55,0,26.23,2866.74,542.68
United States,Sierra Leone,2020,Import,  All Products,32768.45,100,0.11,0.01,804,1.99,95.4,0.37,2.24,44.55,0,39.39,54.94,31861.48,2.89,0.26,804,52.74,40.42,0.87,5.97,48,0,51.88,2895.97,29020.46
United States,El Salvador,2020,Import,  All Products,1991602.04,100,0.24,0.77,2012,0.84,94.68,0,4.47,82.79,0,0,91305.08,1796736.35,6.14,13.83,2012,58.55,25.94,2.19,13.32,350,0,95776.3,1729875.19,158166.24
United States,San Marino,2020,Import,  All Products,12656.66,100,2.71,1.14,286,45.1,38.46,1.4,15.03,44.55,0,328.88,1778.36,5917.36,2.71,1.14,286,45.1,38.46,1.4,15.03,44.55,0,328.88,1778.36,5917.36
United States,Somalia,2020,Import,  All Products,534.18,100,0.97,0.02,59,13.56,76.27,1.69,8.47,16.5,0,0.27,14.56,484.51,2.4,1.59,59,37.29,47.46,1.69,13.56,28.5,0,0.27,257.63,241.45
United States,Saint Pierre and Miquelon,2020,Import,  All Products,52.82,100,1.5,2.33,11,63.64,36.36,0,0,6.5,0,0,17.98,13.59,1.5,2.33,11,63.64,36.36,0,0,6.5,0,0,17.98,13.59
United States,South Sudan,2020,Import,  All Products,116.04,100,0,0,8,0,100,0,0,0,0,0,0,111.96,2.75,4.11,8,62.5,37.5,0,0,6.2,0,0,99.81,12.15
United States,Sao Tome and Principe,2020,Import,  All Products,928.21,100,0.32,0.09,116,1.72,90.52,0,7.76,15.56,0,0,7.42,635.58,1.29,0.43,116,45.69,46.55,0,7.76,15.56,0,0,77.09,565.91
United States,Sudan,2020,Import,  All Products,85775.65,100,9.98,2.42,49,57.14,22.45,0,20.41,350,0,0,75236.78,10509.52,9.98,2.42,49,57.14,22.45,0,20.41,350,0,0,75236.78,10509.52
United States,Suriname,2020,Import,  All Products,183757.29,100,1.44,0.08,341,23.17,75.37,0,1.47,48,0,0,11558.25,168833.76,2.19,1.64,341,47.51,50.73,0,1.76,48,0,0,145489.2,34902.81
United States,Slovak Republic,2020,Import,  All Products,5098829.91,100,3.66,2.35,3156,56.24,37.83,0.98,4.94,350,0,481.6,3993279.52,485669.35,3.66,2.35,3156,56.24,37.83,0.98,4.94,350,0,481.6,3993279.52,485669.35
United States,Slovenia,2020,Import,  All Products,1221943.33,100,3.37,1.41,2850,52.77,41.72,1.16,4.35,82.48,0,812.68,357859.98,559559.67,3.37,1.41,2850,52.77,41.72,1.16,4.35,82.48,0,812.68,357859.98,559559.67
United States,Sweden,2020,Import,  All Products,12867768.97,100,3.11,1.53,5306,52.11,41.52,1.39,4.98,350,0,61616.6,5209430.14,6117394.36,3.11,1.53,5306,52.11,41.52,1.39,4.98,350,0,61616.6,5209430.14,6117394.36
United States,Eswatini,2020,Import,  All Products,19925.34,100,0.25,13.63,497,1.01,98.59,0,0.4,82.79,0,0,12939.07,6691.89,3.73,56.92,497,55.13,35.81,6.04,3.02,82.79,0,12982.39,18815.73,815.22
United States,Saint Maarten (Dutch part),2020,Import,  All Products,46908.13,100,1.43,1.18,103,32.04,66.02,0,1.94,11.8,0,0,555.74,1172.37,1.43,1.18,103,32.04,66.02,0,1.94,11.8,0,0,555.74,1172.37
United States,Seychelles,2020,Import,  All Products,8782.54,100,2.29,0.61,179,44.69,55.31,0,0,25,0,0,1110.71,6601.43,2.29,0.61,179,44.69,55.31,0,0,25,0,0,1110.71,6601.43
United States,Syrian Arab Republic,2020,Import,  All Products,10386,100,4.53,1.85,420,54.29,18.81,2.62,24.29,44.55,0,759.28,4025.06,5803.31,4.53,1.85,420,54.29,18.81,2.62,24.29,44.55,0,759.28,4025.06,5803.31
United States,Turks and Caicos Isl.,2020,Import,  All Products,4957.61,100,3.17,1.85,125,61.6,33.6,0,4.8,27.9,0,0,488.99,1721.71,3.17,1.85,125,61.6,33.6,0,4.8,27.9,0,0,488.99,1721.71
United States,Chad,2020,Import,  All Products,3620.52,100,0,0,33,0,100,0,0,0,0,0,0,3526.16,1.91,0,33,27.27,69.7,0,3.03,27.7,0,0,2.41,3523.75
United States,Togo,2020,Import,  All Products,21442.58,100,1.91,1.02,191,6.28,92.67,0,1.05,131.8,0,0,1286.82,19818.62,4.4,1.54,191,50.26,31.94,0,17.8,131.8,0,0,3735.57,17369.88
United States,Thailand,2020,Import,  All Products,39221175.67,100,3.9,2.05,5796,54.9,36.04,1.88,7.18,350,0,309095.84,17564731.56,20814930.05,3.9,2.05,5796,54.9,36.04,1.88,7.18,350,0,309095.84,17564731.56,20814930.05
United States,Tajikistan,2020,Import,  All Products,872.84,100,2.17,2.17,75,38.67,52,0,9.33,16.6,0,0,324.49,384.28,2.17,2.17,75,38.67,52,0,9.33,16.6,0,0,324.49,384.28
United States,Tokelau,2020,Import,  All Products,2626.44,100,1.67,0.36,105,18.1,79.05,0,2.86,27.7,0,0,295.9,762.08,3.68,2.24,105,67.62,29.52,0,2.86,27.7,0,0,643.51,414.46
United States,Turkmenistan,2020,Import,  All Products,15010.85,100,7.74,0.37,107,46.73,15.89,8.41,28.97,69.46,0,46.53,1146.12,13787.41,7.74,0.37,107,46.73,15.89,8.41,28.97,69.46,0,46.53,1146.12,13787.41
United States,East Timor,2020,Import,  All Products,4631.88,100,1.17,0.09,38,26.32,73.68,0,0,16,0,0,121.13,4414.52,2.74,0.29,38,63.16,34.21,0,2.63,16,0,0,301.98,4233.67
United States,Tonga,2020,Import,  All Products,3812.79,100,2.74,0.49,133,30.08,63.91,0,6.02,48,0,0,679.77,2582.24,4.07,2.4,133,55.64,35.34,0,9.02,48,0,0,1748.74,1513.26
United States,Trinidad and Tobago,2020,Import,  All Products,2609945.48,100,0.67,0.08,844,3.44,89.69,0.24,6.64,67.17,0,21484.1,27323.68,2500593.63,2.61,1.18,844,44.79,41.23,0.59,13.39,67.17,0,21486.67,995154.73,1532762.58
United States,Tunisia,2020,Import,  All Products,591854.45,100,4.68,1.71,1915,39.69,53.26,0.73,6.32,50.26,0,2148.86,124506.75,446689.6,5.91,3.19,1915,64.13,26.79,1.04,8.04,53.77,0,284841.85,489064.43,82131.92
United States,Turkey,2020,Import,  All Products,11754371.12,100,4.27,3.24,6028,55.62,34.22,1.33,8.83,350,0,70775.11,6913410.33,3987234.28,4.27,3.24,6028,55.62,34.22,1.33,8.83,350,0,70775.11,6913410.33,3987234.28
United States,Tuvalu,2020,Import,  All Products,62.47,100,0,0,16,0,100,0,0,0,0,0,0,40.82,0.64,0.3,16,31.25,68.75,0,0,10.5,0,0,2.69,38.13
United States,Tanzania,2020,Import,  All Products,123873.42,100,0.42,0.3,376,0.8,99.2,0,0,350,0,0,769.17,118497.56,3.61,5.61,376,47.34,46.28,0,6.38,350,0,0,80131.11,39135.62
United States,Uganda,2020,Import,  All Products,86772.07,100,1.42,0.34,441,5.22,90.25,0.68,3.85,350,0,29.86,661.2,79468.6,5.1,0.82,441,54.88,27.21,1.59,16.33,350,0,410.94,15792.87,64336.93
United States,Ukraine,2020,Import,  All Products,1376073.85,100,4.05,1.32,3143,55.93,35.73,1.18,7.16,67.17,0,1456.8,373254.1,948922.61,4.05,1.32,3143,55.93,35.73,1.18,7.16,67.17,0,1456.8,373254.1,948922.61
United States,Uruguay,2020,Import,  All Products,586123.1,100,4.07,5.31,1152,58.07,31.86,0.52,9.55,82.48,0,194.79,405033.57,83796.65,4.07,5.31,1152,58.07,31.86,0.52,9.55,82.48,0,194.79,405033.57,83796.65
United States,Uzbekistan,2020,Import,  All Products,81509.57,100,4.42,0.73,363,28.1,56.75,1.1,14.05,350,0,455.01,16657.25,49008.46,5.62,2.01,363,49.31,28.93,1.65,20.11,350,0,455.01,62288.46,3377.26
United States,Holy See,2020,Import,  All Products,1684.22,100,4.33,2.31,122,45.9,52.46,0,1.64,32,0,0,664.09,822.37,4.33,2.31,122,45.9,52.46,0,1.64,32,0,0,664.09,822.37
United States,St. Vincent and the Grenadines,2020,Import,  All Products,5947.19,100,0.99,0.84,67,4.48,94.03,0,1.49,19.09,0,0,251.69,2559.43,1.62,1.09,67,29.85,62.69,0,7.46,19.09,0,0,514.94,2296.18
United States,Venezuela,2020,Import,  All Products,179318.42,100,3.39,1.94,742,52.43,35.58,1.62,10.38,82.79,0,846.92,116984.59,55466.13,3.39,1.94,742,52.43,35.58,1.62,10.38,82.79,0,846.92,116984.59,55466.13
United States,British Virgin Islands,2020,Import,  All Products,8525.1,100,0.92,0.28,206,5.34,92.23,0,2.43,67.17,0,0,176.32,4240.25,2.61,1.54,206,48.54,46.6,0,4.85,67.17,0,0,914.6,3501.97
United States,Vietnam,2020,Import,  All Products,83211920.32,100,3.78,4.08,5590,53.95,37.89,1.34,6.82,131.8,0,402222.01,34479689.24,47454163.18,3.78,4.08,5590,53.95,37.89,1.34,6.82,131.8,0,402222.01,34479689.24,47454163.18
United States,Vanuatu,2020,Import,  All Products,5503.06,100,1.58,0,52,26.92,69.23,0,3.85,48,0,0,2.36,5294.81,2.48,1.98,52,50,44.23,0,5.77,48,0,0,4282.4,1014.77
United States,Wallis and Futura Isl.,2020,Import,  All Products,795.73,100,0.1,0,45,11.11,88.89,0,0,6.5,0,0,0.36,745.53,1.14,0.02,45,71.11,28.89,0,0,6.5,0,0,5.54,740.35
United States,Samoa,2020,Import,  All Products,5316.35,100,1.74,0.12,148,14.86,79.05,0,6.08,16,0,0,260.25,4770.26,3.44,1.43,148,53.38,29.73,0.68,16.22,22.4,0,16.79,1777.12,3253.4
United States,Yemen,2020,Import,  All Products,4141.51,100,3.43,0.65,395,25.82,68.61,0.51,5.06,67.17,0,0.84,439.09,3530.39,5.15,2.08,395,62.28,21.52,0.51,15.7,67.17,0,0.84,1476.17,2493.31
United States,South Africa,2020,Import,  All Products,11440399.53,100,0.22,0.07,3715,1.43,96.82,0.08,1.67,350,0,2278.05,73903.14,11179922.93,3.11,1.47,3715,50.98,40.35,1.62,7.05,350,0,236459.57,5461936.21,5791889.87
United States,"Congo, Dem. Rep.",2020,Import,  All Products,30703.79,100,0.13,0.04,162,8.64,90.74,0,0.62,2.5,0,0,1175.71,28282.07,0.9,0.13,162,34.57,61.73,0.62,3.09,14.9,0,1313.85,3152.05,26305.72
United States,Zambia,2020,Import,  All Products,41465.5,100,0.99,0.22,211,3.79,96.21,0,0,350,0,0,193.47,40098.44,5.66,1.61,211,60.19,28.91,2.84,8.06,350,0,2.45,11128.01,29163.9
United States,Zimbabwe,2020,Import,  All Products,37990.78,100,4.89,35.71,250,26,64.8,1.6,7.6,350,0,10104.83,30605.23,7239.09,5.95,35.93,250,50.8,38.8,1.6,8.8,350,0,10104.83,32142.03,5702.28